,B.cells.Memory,B.cells.Naive,CAFs.MSC.iCAF.like,CAFs.myCAF.like,DCs,Endothelial.ACKR1,Endothelial.CXCL12,Endothelial.LYVE1,Endothelial.RGS5,GenMod1,GenMod2,GenMod3,GenMod4,GenMod5,GenMod6,GenMod7,Luminal.Progenitors,Macrophage,Mature.Luminal,Monocyte,Myoepithelial,NK.cells,NKT.cells,Plasmablasts,PVL.Differentiated,PVL.Immature,T.cells.CD4.,T.cells.CD8.,Cancer.Cells,Normal.Epi,TCells,Myeloids,BCells,CAFs,PVLs,Endothelials,ER
0,0.0024256894121890693,0.0,0.03553387095917043,0.003957296373542196,0.0,0.010752450327369989,0.0,0.012393029092257923,0.005499912802226614,-0.05887109137004104,0.02876435791604315,0.01800867832655359,0.006197096355930742,0.008491145735782912,0.01748006160337695,0.001958920448124457,0.01104511098066377,0.09045407249239323,0.02094226230746371,0.02122550982018445,0.011169051441193789,0.0,0.028674679532767033,0.011923155306786337,0.005655272557421848,0.10119137978651194,0.018159913559723462,0.0,0.01396763417833441,0.01554010442871151,0.04807649684267684,0.009130662466935557,0.01161774730568077,0.014995585114436605,0.03633516178167784,-0.018714548056463,0.016766993721774925
1,0.0,0.002109732430695288,0.025740174385928127,0.0,0.0,0.0,0.2891088442714836,0.0,0.0,0.10612863895064978,0.018304030969841123,0.012313855598882317,0.006497186221234769,0.006818393721371163,0.0249477445818595,0.0,0.008140910087704734,0.050425585784782734,0.011082016738504397,0.01729850796489618,0.02426772940228661,0.003984530699465916,0.0,0.01316648161063494,0.0,0.003494439423715412,0.0,0.0,0.0,0.011142681924020209,0.0,0.002950145634968926,0.005030162086511192,-0.020167058948491468,0.0,-0.07861174981538832,0.016574679825844707
2,-0.012649725145542245,0.005389379964486962,-0.004730814955580087,-0.07784825208597773,-0.021038189005374963,-0.0002627959262889168,-0.025150334163295734,0.003496799849200566,-0.0061430335106092415,-0.010039373473578556,0.00482209964765834,-0.0012748450065829253,-0.005172414297707928,-0.004823159840998209,-0.013258417992957572,-0.005615380933223113,-0.002706518433790994,0.03363752422432359,-0.006999267678332338,0.01106982606796722,-0.06268093015391357,0.0,-0.006102750376080768,0.005586616120888788,-0.00903388027898161,-0.011252597997028768,-0.012202807561746354,-0.014574012315890283,-0.04335429340171451,-0.0027690053828712535,-0.016105418911864566,-0.029340314430491954,0.0018838321657592694,-0.05664143301139968,-0.010386823380692911,-0.04183493855468884,0.00885331371832282
3,-0.00389024194224194,0.0,-0.30538313299089037,-0.01943400498318343,-0.01237423248691466,0.0,0.008471983797607635,-0.003574260111664368,0.02075330708601064,-0.038194317051080756,0.006173019728454493,0.011187080834295371,-0.004613160328108101,-0.005419427706621044,-0.004363859346959681,0.0,-0.003988604651328775,0.03759790680747488,-0.002495509536110385,-0.012258237068914685,0.012363110778329106,0.0036001192173491514,-0.015115227185929558,0.007066721172236057,0.0036242981725907175,0.011889925489925512,-0.01591451573833713,0.0,-0.027471526844246613,0.0,-0.02123931821240263,-0.015268035746807018,-0.002460024355901702,-0.028306994823405485,0.0,-0.03190001340220394,0.011684834980380698
4,0.0,0.006735487536924517,0.027235845204364395,-0.03676401555987088,0.0025563214315605376,0.009369392998466952,0.21061154871862908,0.0038495606290919193,0.023153429033595796,-0.049908812915649664,0.0,0.026742007983074245,0.019774457413583135,0.0017407239507606365,0.010394799222572582,0.0,0.019987970226870932,0.06572786261082936,0.008135271934561927,0.02181990794961186,0.023899406083507324,0.004346580792705557,0.0,0.02677016729401835,0.07385790324210345,-0.011856802328183091,0.009888393304103071,-0.00687640828738309,0.0,0.006071450549606006,0.0,0.001513043656363594,0.0,-0.025150266524613052,0.13686045852501988,-0.06124388439163142,0.011505863266807914
5,-0.011241767323215801,-0.0048268629146989706,-0.015154658338078164,-0.0603809273875609,0.00474718915204847,-0.00872394536339613,-0.01777931287512069,0.010938824354949472,-0.04489345770518305,-0.045514648672375646,-0.01046354324611054,0.0034144064734934476,-0.010498135151568666,0.003593503400774606,-0.018840172477353312,-0.01606972318052538,-0.0014491067238437405,0.050180727637859995,-0.0008040062908221679,0.011716833288468398,-0.02491254048065908,-0.0007375191565137107,-0.00929144835510698,0.013435254597480295,-0.00386700051161748,-0.01784221520443907,-0.011990558120008377,-0.026697405906709826,-0.04098344874910545,-0.02301210541190679,-0.010752125717938987,0.0,-0.002643636956437656,-0.05912901752469574,-0.012804673317401982,-0.03990406061345142,0.013928948322172952
6,-0.012565918841157153,-0.0007137642788063725,0.010445300238407035,-0.031202408883715782,-0.015031461159930037,-0.00226522374302357,-0.010686899263323058,0.008027652173156097,-0.1230393897752124,-0.05320829717606762,-0.019729815639512704,0.018968409753001847,0.0022188950860513867,-0.0038783208195037333,-0.011391036012174893,-0.006708190891728721,-0.00365500782279507,0.028070175762782645,0.0078294598670339,0.005008528182729871,-0.03211742970873088,-0.004317218967776204,-0.0017636098068237183,0.005960172879963754,-0.002427600770186694,-0.006476077367068539,-0.0007511947660073515,-0.014454615213821242,-0.014778251646272833,-0.01675775864261056,-0.005417210987452514,-0.0043733973762341005,-0.0034347465751562445,-0.0370919252784806,-0.008019465626151745,-0.09154938180379646,0.012024688451796106
7,0.01146332456857796,0.011432552819776731,0.032611854357738335,0.040330317703909935,0.0,0.011637572145021036,0.0019448980941708105,0.014570107401775112,0.05774088155150309,0.018664325028676043,-0.007316445406042482,0.03176115232076865,0.012239885850246934,0.01564180144518512,-0.008707287694209254,0.0,0.01588104206212204,0.0336092026346565,0.10766650440071301,0.04384872920972288,0.025321768282858426,0.004045516779295044,0.011843405443707156,0.01754900036981072,0.0070950575676807515,0.013817440925897262,0.02614211887105994,0.017511341613532905,0.020903954899803512,0.029505061747198913,0.008173078498673048,0.008972245016143354,0.006590483550608872,0.03053074910654824,0.007015295315996983,0.05023961829689433,-0.16952889122861992
8,-0.007092232334077075,0.005669292955334249,-0.020721093621130338,-0.036691121156511214,0.00977650243404346,0.0,-0.01785764681444646,-0.0047985016497603394,-0.012587508380949297,-0.03690207231140419,0.005517661939164642,-0.002316373113096043,-0.007379360561494658,-0.0037615774427314785,-0.006265504415609691,-0.011945091182416934,-0.0020192188260661492,0.019235999850486463,-0.001493113488071407,0.005311601220933104,-0.14021882888162135,-0.0037084152119897518,-0.006948873057579158,0.0076807196103559905,-0.0009034789340747473,-0.009496988677357238,-0.01078966821520394,-0.012428187052177908,-0.021518019005190347,-0.038971226469310255,-0.0068353901813683615,0.0023522136687252337,-0.004834261608044427,-0.04746628187545167,-0.00121949224903381,-0.024766129818127064,0.0071393284066541
9,-0.00672995291271461,-0.0006454750709802837,-0.00966767179303904,-0.050467450057888025,0.009401109646364258,-0.007661087083699336,-0.06054549503931936,-0.01879390564659053,-0.020379580232729566,0.00860674749029619,-0.007191978276204214,0.018117053832763214,0.00606302963459926,-0.008323602423234933,-0.005527633987072678,-0.012486521605845874,-0.0012107607840141366,-0.024966615385482394,-0.0013028920622292217,0.008031340374693913,-0.010634611003749433,0.0031368231775027455,-0.006999671074241293,0.005591805158806112,-0.0015477158336442975,-0.02614426331341055,0.0016792233951453128,-0.015599891163473184,-0.006397027945206135,-0.0013591789600629345,-0.008120853829163888,-0.00875009255662626,0.0016210430792869823,-0.040127972543600954,-0.018050627315034373,-0.13628811819808495,0.014420133859286366
10,0.008522981369677746,0.00235803501671511,0.007136835165407779,-0.017692559114532547,0.00285567416150051,-0.006188301442191735,-0.02831972547385153,-0.055619475678294894,0.0017938702874963353,-0.05670222057878016,0.00783487037866526,0.004568005865608932,-0.005482528411166893,-0.00885850621968165,-0.006186078763590563,-0.004427288052588574,0.003262038388694266,0.01888840450838103,-0.008747553895965071,0.0013511253969922254,-0.025236630249451886,-0.0014154810931647221,-0.01359268705764638,0.004680181722046567,-0.008556682186338094,-0.01380709312862105,-0.06420172325864726,-0.0036211138782024366,-0.03787241200460115,-0.013838529438293057,-0.0420480674193528,-0.002156185207426775,-0.0035880430703909005,-0.01482705394489428,-0.0018878156938740287,-0.059614445002529964,0.001983841554294541
11,0.0,-0.0037812026316858816,-0.05347086590703157,-0.03145583875287912,-0.012475510554501551,0.0,-0.013566678161816004,-0.0014125213195841646,-0.015789037724039362,-0.01546203414947106,-0.006288970690256884,0.008893389737438584,-0.008481484315715215,0.0,-0.010208131778165791,-0.012588027461637452,0.0,0.012398398887334627,0.003382448384831843,-0.001724586782109766,-0.02880986883073472,0.0,-0.006435245910119292,0.008329873117157188,-0.0027332156694947762,-0.0036597805040004816,-0.003806111983202437,-0.009927459409090456,-0.020395907049029882,-0.026749459410150084,-0.005544547040856163,-0.0015127474128246443,-0.004403441779921025,-0.0435796440112215,-0.00883842924632916,-0.024935568274945724,-0.09422012981454608
12,-0.007367337886412473,-0.004776978133447962,-0.16796846635180326,-0.03368906372760139,-0.01626608667539911,-0.005600622889993245,-0.02664813327540863,0.0,0.00464978200087976,-0.039354176625835235,0.013104537123942828,0.009920479693619116,0.0,0.004280261955266873,-0.007855828235290463,-0.00387377410339404,0.0,0.02314436338078249,0.0,-0.0028377888112060545,-0.014047433114721342,0.0,-0.01275721314441658,0.006821156859492944,0.002729039098778807,-0.006812054260294076,-0.015033519316757893,-0.0160959936247414,-0.023877823693648687,0.0,-0.01738098778763339,-0.008682732386447123,-0.0010304780264888402,-0.05667798820482556,0.0,-0.02458991957681189,0.00932244329121773
13,-0.01099255185559972,0.0,0.014287922039004808,-0.02964926320424316,0.0,0.0060305982741382935,0.2209876281239727,0.023708721739366667,0.04685598832862958,0.054369012006252104,0.012204896909017576,0.018674327024822468,0.016420301565462703,0.006644847309394852,0.0064414528375652536,0.0,0.01407073199671205,0.02649604247924675,0.01776123206565705,0.025087916245044473,0.07059349074566323,0.005511599816478252,0.0,0.016787826101236802,0.0,0.0441732738501992,0.005270028827290663,0.0,0.0,0.005970981729307351,0.0,0.017565960254207202,0.0046366591204959895,-0.028992365523546254,0.0056985206898444996,-0.08024112767522543,0.02437301173100559
14,0.006860464634952768,-0.0028372260090129275,-0.006287864838727508,-0.009706996400476231,-0.01360100304595857,0.0,-0.009655358357751581,-0.04964619844348811,-0.04483054534843514,-0.015247452771416703,-0.0030261859053437035,0.0038668531817132867,-0.010484200715646624,-0.0036870408796082776,-0.005633207646377869,-0.005870489036247317,0.0,-0.02104348032362635,-0.017943449935271527,-0.035949504489873385,-0.012721020520274379,-0.005439639072023217,-0.015099003011103618,0.0,-0.0016600216375139143,-0.008092091956096004,-0.03773771944629256,-0.01098948879015113,-0.01106827415993622,-0.006769163386171312,-0.021990254958535654,-0.003409478135165289,-0.004397125152067027,-0.006583636172274782,-0.008027983518506643,-0.04555141551684236,0.005006865314951869
15,0.01797210665362947,0.026744230324732166,0.004420363223349821,0.06053686293602553,-0.03326202151180599,0.006435105111180339,0.0,-0.009749913095102036,0.01703721638840283,-0.08472913918699604,0.018421548677175936,0.07781347431041236,0.00652896574900691,0.02337941559980153,0.011818391171468101,-0.010786767256040497,0.007753712693706616,0.02629172104010602,0.17458085792961586,-0.025858407318386928,0.001284671488274658,0.005349110610321339,-0.004081011271943102,0.0283780655356905,0.001487514759037134,0.0228957748682867,0.0052421757527411905,0.003300599554497352,0.008591088324858054,0.03968492106386101,0.0,0.009358993559039491,0.006663318473690033,0.05991985032269953,0.0018875933308329373,0.023345927550972118,0.03209134618826093
16,-0.0022597553382663615,-0.006089397907937694,-0.005322292692156172,-0.0007235759145888809,-0.03724069402846053,0.003957139974270774,-0.014660195425693162,0.0056989348939103235,-0.07163280843590186,-0.05410177215544859,-0.003933770105256973,0.014375541468481856,-0.00824441873984988,0.001795033953715719,-0.012671159323238923,-0.013180868004044999,0.00355551831323353,-0.05684440970749591,0.006723235368122971,-0.02999075326722833,-0.04346300946815679,-0.005915871510002058,-0.01105020918447025,0.007994852962188742,-0.009345568638290391,-0.005011828277445118,-0.013064250061656568,-0.024334062408751578,0.0014428335190474484,0.0029218706657385685,-0.014357375595882627,-0.00794694287292616,-0.0016821716222056304,-0.0033876433655629645,-0.0040003407781822875,-0.04045983958566357,0.013197686847456203
17,-0.017319014024366447,-0.0014948385978667822,0.005025819992932168,0.018007199263748275,-0.12112244148157372,-0.0012686077083738923,-0.008736631234554065,0.009633742343123308,-0.01192274826870618,0.07839139147188473,-0.03718278384125209,-0.10866066647338812,-0.043392018020332906,-0.0037588717630004376,-0.006435921877751383,-0.01743397977953337,0.006352432551566145,-0.04066829156535595,-0.10931062980077733,-0.024516323313525767,0.0024392428463635707,0.0,-0.010318092139551538,0.020354493074954516,-0.004208532556410016,-0.001766955381834523,-0.007233342665414699,-0.03298092252740831,0.01298327575885716,-0.044068821110962886,-0.01519479041756125,0.006849626882303728,0.0,0.027981843105522375,-0.013920153490972365,0.026514897474557486,0.029129076826062472
18,-0.011699512753061886,0.016102418757338005,-0.0007491000651936308,-0.008875332729909896,-0.021902228844475957,0.003207497682390592,-0.002525280632166338,-0.03500969460507336,-0.008684161435489779,0.004835632861007466,-0.09605212615069966,-0.012603963114560052,0.003992037648689911,0.01778138011676675,-0.006216811850587284,-0.01724623250813284,0.0022903796265635323,-0.19013588620435656,0.008869298684730964,-0.05315219822369391,0.005947087677544649,0.004698353802903982,-0.019542698890780585,0.019203585369068993,0.0026928218671311843,0.01303886132759774,-0.02308335520639468,-0.025745971659758282,-0.0033546483121832393,-0.018960963620312687,-0.008040186664969862,-0.012685193218890861,-0.004235283443084659,-0.007828304493981864,0.004902910014501188,0.010622438252605004,0.03089209449031982
19,-0.035548044440323334,0.01014619287454463,0.0,-0.0019429194521579374,-0.00947348372686152,0.004108980308115184,-0.003766410133104525,-0.03736744008009979,-0.023771565125542682,0.015498843824654412,-0.063474803275954,-0.01976239879909894,0.0102751746831653,0.016246515893206664,0.0015190948933770931,-0.019569935770323676,0.0014733200773267563,-0.18333788944281548,-0.012222738153174817,-0.04362927192679114,0.00916806533237774,-0.002576827209118393,-0.02102386879007692,0.015393362510620512,0.0,0.011645999593502154,-0.01961922564616414,-0.02306015012989343,0.0029586712261931436,-0.0179457621379579,-0.01300743171146096,-0.002882342538153282,-0.006021271097104097,0.007056708248524279,-0.003516909608070773,-0.006890553265088223,0.025667976545129978
20,-0.004646219624653447,0.019760127389310433,0.018459411669615067,0.02772858354102478,-0.032265013623965055,0.0,0.01160007238784938,0.024159735600943227,0.11048257541957848,0.06412895730926108,-0.014475504011499774,0.07717696379101735,0.015562624633375072,0.012958073274059456,0.0,-0.0051647315905135605,0.0100467893874506,0.008557956705677633,0.006037921377243932,0.027973669361890108,-0.005068773619604006,0.0,0.0021098129128976906,0.02828763074982288,-0.0037184243068614786,-0.027204957195317958,0.0,-0.008411696339687968,0.020718652343063443,0.0062131347919233415,0.0,0.007650083654646672,0.015730283789654687,0.02873478269167498,0.0027624560367781603,0.04679064827306473,0.06807203677168211
21,0.0,0.02175167577163173,0.019435920160622705,0.0422922881372404,-0.02866772836428641,0.008960150802588107,-0.004509133796738868,0.020245609401832565,0.09501492752825252,0.06556868204463331,-0.017122223396649427,0.07585230216013045,0.020140591983127343,0.009018218662209365,-0.004770140066144651,-0.011747038875959903,0.00589514382995332,0.02832197253439317,0.00647304832145662,0.0,0.002763200721895287,0.0,-0.005699940068610659,0.027049084647457033,0.0,-0.012441411820402537,-0.002119034093417266,-0.016117999599123578,0.024559560034699224,0.009151360291933697,-0.005050873310994297,0.012552437050088794,0.010138746188326164,0.03910766468129406,-0.00254465856097702,0.058394557461491026,0.06885070308944963
22,-0.00454475630945228,-0.011388938399502252,-0.004270742525245785,0.006416104713570736,-0.018920843185464276,0.005072478263077385,-0.005476547143408977,0.0075428918592760075,0.017380407955541965,0.03646602234186905,0.00495863425357862,-0.5125360765759874,0.004213215426568884,0.004367306002775628,0.001673442422199578,-0.00714695414783742,0.0035081498110741682,-0.02373826573983856,-0.0015251663082091471,0.01857965324580163,0.004136173180789321,0.004720385756376427,-0.006498275258658592,0.007166344161749633,-0.005131409019637045,0.002329695237710233,0.0009888945656544301,-0.0015407907436038037,0.009612468605566277,-0.0052531675685850154,-0.004426745441285407,-0.003822156128782367,-0.0010732381689466663,0.00960108964540779,-0.0021086479098705313,0.01246974352674926,0.018947283150380412
23,-0.008427845206007839,0.002862760854827784,0.0,0.008683249612428612,0.08542347061677552,0.005333427179116834,0.0,-0.010236905831960075,0.0,0.2115249447918373,0.012102349121802525,0.043753187213496025,0.024579926425628895,0.021673091934594935,0.0,-0.009408254340494138,0.009292029752046405,-0.05763627687606937,-0.006483563830978145,0.0468644684851644,0.0,0.0,-0.00916815444967456,0.02226335698263804,0.0,0.013006893207310605,0.007774468463085327,-0.015720460739922837,0.02250542900059016,0.008352833411224003,0.0,0.006672331359790062,0.0,0.008005885228885457,0.003897352454336478,0.04083191573894199,0.0724257529919875
24,-0.013288552203588433,0.011082381810356312,0.009557440064135336,0.02625146448513782,-0.0067370038491801065,0.0033071826538551563,0.0033902976820985586,0.01972444169447707,-0.0028519489661348874,0.19489782043950782,0.006717382015263895,0.05245067551133334,0.03055541204295026,0.014437985343911108,-0.004441724031101296,-0.01052063009851939,0.009132577955026477,-0.04448381853332614,0.003648815523950244,0.03859877870217804,0.01038095203773573,0.004065479802059846,-0.00874993992842843,0.021472388242063073,0.0006724290760400375,0.01639666424291608,0.004215073730884283,-0.015701663476891725,0.026318020661364072,0.007246765093308627,0.0,0.0016856681643376281,0.004088242988660951,0.02424742984222522,0.0025485660774096086,0.04797601086499689,0.07245659789038883
25,0.007204921241443729,0.017549940455472673,0.006541156793857361,0.02665659005834259,-0.018888367253945687,0.008893477235418668,0.005868182597439708,0.02188178515497413,-0.004991719048265092,0.15193747784559464,0.0036264759360492005,0.05419714994551578,0.02535021527521586,0.020350853723767465,-0.002659310452482827,-0.015891360962105083,0.012555068518800616,-0.04024766853408601,0.006931360112242824,0.042435126840730475,0.013879138581669503,0.0,-0.005783448098019728,0.021924885606205702,0.0015674359261538817,0.018884660408550802,0.006484843112700034,-0.017198445450785832,0.03265070910163009,0.006832323565339554,0.0020309155929639777,0.0012027841297143071,0.0027477138880652174,0.02426805374896157,0.005301913156346372,0.04945120536381398,0.06720161943411151
26,-0.11318319625293838,-0.005582821393948556,0.0,-0.0027844676852044337,0.021303397075141672,-0.014215126253991545,-0.004826252966248057,0.0,-0.06403272394743423,-0.0024113610152600717,0.0,-0.00462780537037269,-0.00914733006863458,0.0,0.0,-0.007567942512724746,-0.005342045459610589,-0.020382890422063926,0.0,-0.00164318587244916,-0.010552395891705119,-0.012922950467827432,-0.007129591947498404,0.0,-0.003124602917621039,-0.003415718701059167,-0.0030449760823790806,-0.009826301453467995,-0.010509239446408608,-0.01020542905778793,0.0,-0.0034230977760607018,-0.04344749651444285,-0.007270251172394437,-0.0032639794320866167,-0.07146854051901058,-0.005204012923108847
27,-0.0012442051410815336,0.0,0.010574376503681843,-0.006349753335450348,-0.012611654491324759,-0.000575169817575355,-0.012830799721028407,-0.0034946311562847054,-0.009894976063124172,-0.02071208147751219,0.0,-0.010907516422054009,-0.001073028869465975,-0.004129814350752131,-0.0012698840224518448,-0.006879671111023666,-0.002054566348993897,-0.010562017543444296,-0.008918779991887005,-0.10274957052335965,-0.008852866998191378,-0.008949671057001007,-0.014689401633780005,-0.0005619051945935094,-0.004070373470283273,-0.07755213210870268,-0.008129488256787831,-0.007500400287113185,-0.01755206386853886,0.0,-0.005880245606482065,-0.04852231539792995,-0.0010469691333880593,-0.0018858680573790032,-0.008603648202843817,-0.019771243292451335,0.0
28,0.0018351791669379558,-0.018639660025859345,-0.013619883184609577,-0.007777994359701057,0.015812729725496633,-0.0012236550130942936,-0.022659540613333168,-0.006713618740051497,-0.025954427391611135,-0.03556508987346074,0.0,0.002380407145104041,-0.006700136172796828,-0.0051912042534288105,-0.009221886162591592,-0.012980757535336729,-0.0012259638594969702,-0.03008871290030929,-0.01589239742888876,-0.04540774113907564,-0.005684726118026173,-0.00541071038656088,-0.020285289192210038,0.004936339445601401,-0.007492288033413286,-0.011240564631476657,-0.03129311378312402,-0.013737933663670432,-0.013373865198889057,-0.01530613015777299,-0.02042290166577118,-0.0019616020630710274,-0.006702706113206752,-0.0033018275832734922,-0.01125789818337608,-0.0439182994235896,0.006035532919339115
29,0.02064340242823695,0.0,-0.00499918574268382,-0.02953610824947131,0.032734080080930816,0.0,0.0,0.005846809752374671,-0.010505627267601847,-0.06535656928452749,0.03416234773320295,-0.028797374686946348,0.009844526437237683,-0.27295240585589753,-0.005374369567792081,-0.012934301692272998,0.0,-0.02928085210949255,0.018828481184269996,-0.01279708688049036,0.004005441511309188,0.004763388349524028,-0.022992306617147407,0.011223836340357868,-0.004631331096073388,-0.005106179694413238,-0.024384217382177636,-0.01507326914609236,-0.01462895222764235,0.009667100035177928,-0.017401424050074804,0.0,-0.0015614093794679706,-0.02366814377395532,-0.00771991918336673,0.008919905970339315,0.00980937761602807
30,-0.011913602434900222,-0.028796230109299353,-0.0060704295303029565,0.0033070344652206263,-0.01787265100974536,-0.001198645212717675,-0.014535816215531377,0.004620405374802461,0.010652057430585893,0.015125407920926925,-0.004843066116803879,-0.02839327674001238,-0.03061211504990069,0.0,-0.01176321132695185,-0.007675240942815076,-0.005448814120712159,-0.06761419226478915,-0.01575421533215765,-0.12239983697777282,-0.00773542267207844,-0.0030855173775480305,-0.013279552509913584,0.004049416971446923,-0.004633878582422535,-0.042084356450856175,-0.003949399551775479,-0.012503178704036833,-0.0017013933902694511,-0.015912807933279427,-0.01006919679863541,0.004351061770670017,-0.012683324712955385,0.0022948053372606747,-0.0009966115937772857,0.015034637739786721,0.004838820202662242
31,0.003559685323331413,0.0,0.0038590069774975255,0.003656503405887585,0.01597357316673729,0.0,-0.005840247913897062,0.0,-0.010184805863521825,0.05844121858044334,-0.007496454569391721,0.01802103727575946,0.0058604113323335845,0.006219825251376257,-0.007349495089388666,-0.008636834456980274,0.004582623438109332,-0.03312813888079808,-0.008929239691821123,-0.0012836790337234887,-0.0060507659571582585,-0.00503041395750665,-0.009169656779927855,0.004876625507262533,0.0017582973066589715,0.0030449342533888594,-0.004817362690667119,-0.012722179970964195,0.001636428047276789,-0.00436952495490479,-0.007460589234815203,-0.00745333546297158,-0.002076473913721697,0.007011105034959321,-0.002138470223157718,0.007792613679920454,-0.4414085563842235
32,-0.014916181414064367,-0.02441792174201024,-0.00858820771900387,-0.08283965318803282,-0.0364951559136025,-0.003574030251806193,-0.014682460489865212,0.006199008673454631,-0.0566150369331721,-0.0028943126307753864,-0.010485508860688442,0.009190999601112942,-0.021737812091081887,-0.014733158399741847,-0.014665555877729552,-0.016810957197486154,-0.005000487889744859,0.02669984550113716,-0.022515847656797428,0.013398787927599964,-0.004175615144613176,0.004075453725928546,-0.004671195505393605,0.0046786312486490345,-0.0023880556522387353,-0.013224071712670704,0.004069252989555183,-0.017603576082800998,-0.008560888124181792,-0.018532510765953858,-0.004710735012676243,-0.005560889473617686,-0.007627576692971344,-0.0518035604541868,-0.0035702492776221173,-0.03398385311440688,0.019820749152901163
33,-0.010180404622250255,-0.011170023119436545,-0.012244390066920324,-0.00699904441328561,0.02209412016704837,0.0,-0.010992539517216793,0.0016584455314544722,-0.026288510939073917,-0.09402103237018489,-0.02616981718007433,-0.04195854957503273,-0.024382722542029334,-0.05945140293658241,-0.0025205996692362898,-0.01642551072227111,-0.0033091020680641736,-0.029520743900407986,0.013713946141006295,0.01017810950374437,-0.01079812809212588,-0.007535345925773318,-0.014527901280783684,0.011607563484031191,-0.006869080747755385,-0.008275284067039174,-0.0076920781064037935,-0.01817981338221708,-0.010435667591090048,-0.013928337584293793,-0.009592820819202902,-0.009329069855115335,-0.00020545730002205498,0.006699860121338039,-0.004388209469286808,-0.017326018457256565,0.00951322492321166
34,0.01219114671574481,-0.12184091658565194,-0.006678176643682754,0.0,0.025013641369639128,-0.0014025115892188078,-0.0012371396192781825,-0.010618659539936626,-0.004281691962931017,-0.00805935017682835,0.008056502703262053,-0.007914589503070224,0.0,-0.005214720097737852,-0.0031289285709350245,-0.005523588073167829,0.0,-0.00269774683625032,-0.005819913062726334,-0.005582392264474406,-0.002866685860341306,0.0,-0.010469512131078523,0.0,0.0,-0.007958648602497481,-0.08195552498988498,-0.005278677649927954,-0.015104463888698433,0.0,-0.05302556663847552,0.0,-0.11906129526339948,-0.006236353913505854,0.0,0.0,0.007443426226455163
35,-0.0036216026203187424,0.008408872160099057,0.06053092150042988,-0.03236688724435738,0.11741204948934342,0.004659956187731185,0.0,0.027840163058387518,-0.01252982527190677,0.09465173543104968,0.004911402469949866,0.027839939368114047,0.007865177810020912,0.01648545334889273,0.006665315981385561,-0.009458890545091497,0.015452621510714526,0.05465054389899332,0.003339164273149564,0.04510772188103035,-0.008804982906552239,0.0066520765956407935,-0.006497226432564784,0.025544371181648595,-0.0037796950137201635,0.062459723440844384,0.0035486189212675656,-0.013675276730920671,-0.016417108473491315,-0.006360763976637818,0.005510448053745065,0.006671508405096338,0.010738634843315775,-0.020041477527040247,0.013198762882712989,0.02114958791010041,0.04300662969034019
36,0.018771209341949646,0.0,0.023383038335849093,0.00641888430253823,-0.022078958664103865,0.0,0.01888578240101202,0.0,0.0156508716585681,-0.034083219256423214,0.01562874210419518,0.0,0.0,0.0,0.0,0.009497014478642762,0.0037453649195313687,-0.048717244889535855,0.0,-0.06504020040881722,0.016933867505413702,0.004631550773712967,0.23144489444890143,0.013980990084384526,0.0,0.0,0.06542093436649943,0.0,0.013794805338523397,0.0,0.17807961448259535,0.03779267620284249,0.007302662019583794,0.005920608635516023,0.004041067265369541,0.02461485980219752,0.014727848302455548
37,0.0007621300710942136,0.056158509212138885,0.0013670327903112511,0.0,0.012023713904859124,0.0,0.006919338356551452,0.0908570809301068,0.019940893463526732,0.0,0.0038975980600444993,0.0,0.0,0.0,0.010725393875811007,0.0,0.011331723972846375,0.011564082223293859,0.0,0.012305329852006053,0.010798106460189305,0.0036781212643671735,0.08818052987654879,0.0067763262092704335,0.0,0.009813226227138871,0.05646065778339915,0.0,0.01153135001371941,0.002412131216868174,0.06051876333407041,0.0,0.050661116531055095,0.0,0.007124216039901987,0.008688113201564207,0.00625217868071859
38,-0.005873876689442878,0.005029232695956731,-0.00493413740440958,0.0,0.03919679193899471,0.004430366459110172,-0.005942581682892689,-0.001455124484076184,-0.002310755809134306,0.028783442915394045,-0.07326036281881541,-0.025608262444195687,-0.010450506089966838,0.0021270169919263143,-0.007779236505512058,-0.009499557545831178,-0.000520039274131856,-0.05445600695198606,-0.008790284992964359,0.007339967817651741,-0.005370323476721853,-0.00329139254634897,-0.015770711021687006,0.005626149201339303,-0.005434074172826556,-0.009972979957926273,-0.005100840428129791,-0.005446659884242436,0.0,-0.008007553791237909,-0.002570109663869405,-0.00586810080262426,-0.0014410469058357897,-0.001659172040559112,-0.00868593788606667,0.007888416932957082,-0.250174086130493
39,-0.006727066366151724,0.0061266704057253984,0.04132688095083806,0.03783798048360501,0.06647134532366672,0.011786006872542776,-0.0050078292330850704,0.025324171846881238,0.06742145352274542,0.019554522412517594,-0.019203776296237124,-0.003736311724525293,0.02368070333842598,-0.016859505014361703,-0.004905373846830596,-0.008231248696477123,0.012026896750734428,0.003406080011448598,0.026241149411472486,0.03597320850047764,0.00783377230935517,0.007445480154535833,0.0,0.028219924852436407,0.0,-0.004870875371959904,0.015880046489742422,-0.012650610044819183,0.020437628630464333,0.009688374494765839,0.0033843475032262482,0.006085036974959157,0.012928570114378368,0.0291500470249087,0.0014669826863051294,0.07621330818239919,0.04702967089729149
40,-0.0009572389242974433,-0.0031227104404123462,-0.002331327267071026,-0.00495564363404824,-0.019825157716433228,0.0,-0.009175533804298724,0.0,-0.007672696496424158,-0.03562252380003361,0.006973215849385428,-0.021349745464478653,-0.023294823309833984,-0.009836121474845888,-0.01095802140194746,-0.007662529833139281,-0.001906764352664292,-0.042193831853784,-0.012535859032545588,-0.09410988729461217,-0.0032421192012058175,-0.004488793242914291,-0.02211831018806462,0.0,-0.00286703999599372,-0.026287957595124145,-0.021472032205566288,-0.011468619545452252,-0.006894315963009018,-0.01569595727343448,-0.019809568583630338,-0.0007691697092638283,0.0,-0.0022541854701037534,-0.001347067223350984,0.0,0.0
41,-0.003552187268307888,0.003638151328195588,-0.0005349155645787695,-0.044901255163641074,0.024652982043874422,0.004649037124794059,-0.016164721280009064,0.005567902950458614,-0.01744062309758443,-0.04703858340308781,-0.003731656054656418,-0.020251814257554013,-0.016968867761213424,0.008129810249583647,-0.0020834420597292402,-0.018653941223747972,0.0,-0.026005202158053964,-0.006928805400761406,-0.05360639570951414,-0.002391257536907443,0.0,-0.019250767347157638,0.004522562382971218,-0.005205207253026645,-0.012634878672958705,-0.030658656173657622,-0.014026719440992041,-0.031522868813218224,-0.01699978565464283,-0.01577225413173411,-0.0013502934351148632,-0.0072271742304209075,-0.04174400681620616,-0.01073970595213447,-0.018761302209783393,0.01573450554191913
42,-0.008847595038369571,-0.12723774909712723,-0.018376708850205092,0.0,0.034094596166202196,0.0,-0.01931441092913369,0.004040058343565633,0.006786130657271627,0.05552108350985352,-0.008258950277097193,-0.02444278223483995,-0.011932801456047248,-0.12398409592784387,-0.02168708828201199,-0.010548432183040801,0.005409873822514177,-0.049091479986318576,-0.010604380323332496,0.005961436249955238,-0.012705021080027773,-0.003977342160742137,-0.007931528518243969,0.018009416229477965,-0.00922043841219583,-0.044336613758516136,0.0,-0.01967152726987942,0.00833857018052403,0.005089727581549575,-0.012724348865003121,0.0020168550774527505,-0.05766993170501164,-0.007980188429384832,-0.003761181382389206,0.012863568431829009,0.01692094346796802
43,-0.0033695300217684576,-0.006976232261926535,0.02720289246752533,0.02390269241324966,0.1263994473232491,0.006501131076860955,0.010097587831731092,0.033261660895929634,0.02194687181328958,-0.07108278494883669,0.027637503083297654,-0.04020134536056419,0.06107642640905772,0.04139940867545944,0.011866948404030353,-0.01494613779218612,0.0091904946576013,-0.03864308033786873,0.12867569582745064,0.031534303123584295,0.00878007782938886,0.0,-0.010328865220926464,0.025780184293779068,-0.003569207694622434,0.005865382792262119,0.006473406695448353,-0.01918728000086714,0.006736606572192605,0.045635311885963925,0.001052446871781465,-0.006471691794643464,0.005893935840828479,0.015582228915429708,0.0,0.06368880818545286,0.029342365100768042
44,-0.03803463116186462,-0.006646793629286968,-0.04890818000415387,0.022833339553612053,-0.004771170775302425,0.0,-0.02602287893991434,0.0032237748105866104,0.03247055055311665,-0.10683782176410658,-0.12007278728504647,0.047535805419317206,0.0,0.022132320410153672,-0.0012492226932631079,-0.018222889311852286,0.0,-0.10536915368927363,0.012349049261889733,0.03409931083338258,-0.11326386393253612,0.0,0.003771966672530186,0.026270796459864465,-0.0064551302114152775,-0.07569213808547143,0.012293606666422097,-0.03560687793916001,0.013422242315251909,-0.032689677569296666,0.0,-0.015898429733528785,0.0,0.02203159327607071,-0.0053885900610832205,0.04150433969792017,0.027939204407839535
45,-0.011376683182028224,-0.055316207663449746,0.01606399820422108,0.006258073117121343,-0.051838612902758346,0.0034672925133343857,-0.015284915403145749,0.011581545878906668,0.03441971761559376,0.01231506701259552,-0.005814800471430792,-0.04365856680621588,-0.05444829003556237,0.001856230758610633,-0.0035013404477796106,-0.01085788848321595,0.0,-0.10049826704117257,-0.019966778760916737,-0.07830945388103297,-0.005578574482806048,0.003911255938686631,-0.013592624516284763,0.010192747254180956,-0.008621247297104617,-0.05893469207454005,0.0,-0.016298554067230797,0.011463942458821208,-0.009755943616435503,-0.007324343160854341,0.007592905985313481,-0.021693182901859343,0.0,-0.009585156903181846,0.027756546482578415,0.016124464430444185
46,-0.013586793538617858,0.0030736165080442884,-0.009639199839133111,-0.011877978945168427,-0.004569464824456387,-0.009857742230975686,-0.0064170176427238435,0.010081736488511739,-0.004807294035500606,-0.05351180762811379,-0.03049110759803747,0.004127512553139673,-0.015822632703864623,0.0037687064074487936,-0.007138423723316106,-0.00992664761197612,0.0037300885562775166,0.001100069770571671,-0.0031591352147318785,0.010175803002841516,0.0022381436478164513,-0.006060872948123963,-0.015277946837144923,0.010461715355533446,-0.0045532434790043486,-0.05027603148889759,0.0,-0.021612040325944992,-0.0008231350717355923,-0.007916516268423157,-0.007209022323811154,-0.0028888098124047468,-0.0045518808524742105,-0.007083954860130887,-0.005512783139693417,0.006741741601134221,-0.1801799873955125
47,0.005194374221284492,0.0,0.00505750532565058,0.05316394483549208,0.04854908807017971,0.0,0.0,0.01391386596984534,0.0,0.012126387109092418,0.00632926086740232,0.015347704254124406,0.015530961707298452,0.0047726502063699106,0.008755639545058813,0.0,0.010704560035655508,0.06731308688198262,0.01997783104935308,0.01366821421457931,0.0,0.006502176967928264,0.010635378807984819,0.009289508152682646,0.006224365979975666,0.15274401750190064,0.0,0.0,0.01685184170177889,0.0,0.006015343274354934,0.005943376470575801,0.0,0.06831182997873958,0.044680162848238,0.0,-0.06685541242612625
48,-0.004572435678021902,0.038487274759390344,0.0341586502662318,0.03917544621864652,0.11562533906144791,0.008202693355203794,0.0,0.025669562187076472,0.024638215409705733,-0.007655870919117819,0.02141791015213307,0.05124419464384869,-0.022869289310824714,0.013102046201413753,0.005554793506971467,-0.009019748447124332,0.012860305675134298,-0.010483278435796883,-0.017906059616945524,0.011802243590302242,0.006368387213730009,0.009641817460879026,-0.010316660081284068,0.030035722062710213,-0.004512328698384582,-0.01096499030245729,0.012372537651382687,0.013693458748192833,0.01783885144302494,-0.007690883076611282,-0.0020548612148705847,0.007635712465404065,0.023086023223279406,0.02644428018960432,-0.0013080526044690621,0.04958570020358133,0.07146095624801507
49,-0.008768016354365554,-0.029614585443478225,0.006117023419270062,-0.006007811946704522,-0.03395021704419121,0.003918656437463863,-0.01586025208747205,0.010257849750400061,-0.007823525855453317,-0.09336675529109228,0.0,-0.006649885124562244,-0.008078528335008273,-0.005339930101764645,-0.004275268975111768,-0.02926621348872882,0.003096374341350072,-0.0015603015925344799,-0.015817855092424005,-0.049130886417076,-0.010113341966575373,-0.006476430325726423,-0.01702014076665223,0.008694279043514552,-0.01551443785485826,-0.03670187985673967,-0.0037417290752198296,-0.024768833852391592,-0.007305296098893799,-0.0070628272915169155,-0.004334152269815095,0.0,-0.009484728703441914,-0.00616567245168842,-0.010920867086948893,-0.010906918214039052,0.014690769523878155
50,-0.006317726818277414,-0.004138775813572221,0.0,0.005368182496917534,-0.0165075011296916,0.0,-0.008203288284148763,-0.006191031225307564,0.01304491909932487,0.005291776075370014,0.004959643465242719,0.005799798857386906,-0.16738256385262484,0.0026570993230393136,0.0,-0.005948216063310197,0.0048301231630876185,-0.020608946323071115,-0.014300870791318948,0.0045469914503807884,0.0,-0.003826908452479627,-0.00665137614787395,-0.22848851518303592,0.002751805122184231,0.0,0.002824664602655208,-0.0021911333028118984,0.0,-0.01421381389878007,-0.0077524036764900495,0.0,-0.0016353599342775471,0.004112040608333978,-0.003890969326258348,0.012803106358050098,0.010006913152758756
51,0.01957672305600977,0.009239946282543626,-0.006004445876672121,0.012907486238717902,-0.0036052854071511597,-0.23842289596987998,0.0,0.0,0.007322607712809293,-0.024021816879944924,0.012960351161857175,-0.016041142167699834,-0.003435705318190152,0.0062328039635757004,-0.0076556672871781195,-0.00435241492497096,0.0,-0.02077772945664591,0.01746345009037964,0.0,0.004861841236404513,0.0,0.0,-0.2003534017412918,0.0,-0.004985434531634969,-0.0036684893665280827,-0.008703768152685754,-0.005093955654051713,0.004838225746948754,-0.004402237333310577,0.0,0.0,0.0,0.0,0.009633531077743257,0.00723508705224829
52,0.011887600314623603,0.007289676961299452,-0.003431238910135248,0.0,-0.02532740326388161,0.0,-0.0074320472813423355,0.0,0.0,-0.03021371993484162,0.0,-0.011296932511088181,-0.0700990742924863,-0.0018107867204247285,0.0,-0.0049757045610664685,-0.001849630960040538,-0.01033088674561744,-0.020601198084492095,-0.04277773214897615,0.0,-0.003919961805645578,-0.008823004194891848,-0.16549592996559495,0.0,-0.0055671889499012694,0.0,-0.002667547470950521,-0.0009780195243267453,-0.02325178205947237,-0.006371639527814693,-0.009705836896594267,-0.0015023479149361418,0.0,0.0,0.0,0.0
53,0.014039726136713754,0.009570989718498069,0.0,0.0,-0.020515966400300373,0.0,-0.03278861535837044,0.0,0.0,-0.041737266776337406,0.0,0.0037476108580004053,-0.0015728051203128535,0.0,-0.006516557097194536,-0.0038020292770130915,0.0,0.025976950474027205,-0.017652064149058344,-0.17211753182723513,0.0,-0.010043448767879132,-0.019167675930331057,0.005989768614130447,-0.005981001128842922,-0.012196920247326576,-0.01337734026439466,0.0,-0.02308943938861599,-0.009149466046223576,-0.015361235947402296,-0.0655735953483742,-0.001680599666245286,0.0,0.0,-0.02488193087245355,-0.0013718926360566375
54,0.013174639641553465,0.03255353570105096,0.0,0.027059813702877578,-0.023974821629175913,0.002257939605370962,0.0,0.01760476008913106,0.002509088800851489,0.004577093960385692,0.053936317976982784,0.011222449766693066,0.09028586177612524,0.0,0.013280916582807945,0.005414781557313175,0.009381884121750561,0.027201559079858606,-0.02269808487738678,0.0,0.00580929828950133,0.0031061269995653062,0.08166846302145753,-0.0074699192737363584,0.015017734369834501,0.008735173108409267,0.0,0.15299089888421824,0.0,-0.012047328742482877,0.047676990465964963,0.011851656388929765,0.010317892525169514,0.027553066434128026,0.0073950844386105885,0.016168249951971636,-0.07181345916632931
55,-0.04211192461562674,0.011617885605157169,0.0073007840008173785,0.00368233055583167,0.03607459181582251,0.0,-0.004878685476492034,-0.03969485805349726,0.013767994595094812,-0.05662432281965607,0.018146482304076728,-0.03081119578179123,-0.0069871587325649465,0.0,-0.009735530091686512,-0.0068852563078248,0.0,0.02567497390423623,-0.002583246396835631,0.00978954341911481,-0.001974358962160111,0.0,-0.0766579830105199,-0.19809170000367476,-0.011147662997453817,-0.004748647773860887,-0.003528630030764146,-0.018495384909021306,-0.010786483910003752,0.0,-0.025328912204283183,0.0,-0.02892890051565189,0.005576384257579586,-0.025729767546972093,0.015845335528031912,0.01900196770598017
56,0.0029681866937577434,-0.031453286759718646,-0.00894366584367165,-0.0024392359118502183,0.043411690344573275,-0.024171875045228386,-0.008706374663552341,0.0,0.0063595492074983995,-0.004535295544422363,0.0,0.015203512846894876,-0.05232590071330312,0.0,-0.021712864167674484,-0.004678460509478483,0.004449661289463919,0.02903083348269328,-0.014676351986718628,0.005229727056186462,0.0,-0.11795413686120335,-0.01111770400053963,-0.05143797604916581,0.0,0.0,-0.0016523146797545046,0.007040267640842812,-0.007964617010074254,-0.013345095278029878,0.003498413155040847,-0.005113953224070739,-0.016591982082924797,-0.0018229963220133816,-0.005487255442806316,0.005593158128442299,-0.15590599419779105
57,-0.00019868403827483228,-0.012623516258178008,-0.0037854859579115052,-0.00842725928502383,0.01359132520352374,0.0,-0.014105001613041068,-0.022925189126449363,-0.015115419200238844,0.0,0.0,0.0,-0.01072745841462891,-0.013614822265017729,-0.0014696276488090632,-0.006150538199212574,-0.003945441126116389,-0.01620380786425435,-0.010485878548694982,0.0,-0.07881728366296001,-0.006452906055833846,-0.006010361163850703,0.0,-0.009444721170566522,-0.0735810331264298,0.0,-0.010400675023815448,-0.007042306609076426,-0.0156723926058297,-0.00563526888869717,-0.002521217363724626,-0.00566679463394934,-0.007629198479673027,-0.011695620851197713,-0.012272145384017413,-0.060223607086648534
58,0.011952898791125155,0.0,-0.010982955975973846,-0.0019465045865616482,-0.02024817140905938,0.0,-0.005256366008822677,-0.0010604614560532355,0.0,-0.031620281321325855,0.0,0.004741117214427659,-0.14039968203082565,-0.004350571036378731,-0.0022868730889106237,-0.013338068723056623,0.0,-0.03413014105191087,-0.02502411470692595,-0.011834505929804229,0.0,-0.003242848727504799,-0.010582351553372948,0.006575311504942782,-0.0019569204476420354,-0.00098479053565384,0.0,-0.005888804146444077,-0.0050401873271918585,-0.01735659345208193,-0.005398454149979359,-0.003484089032053217,-0.002856436998693479,-0.0004718091323239748,-0.0029438100757128577,0.009109427877226212,-0.10894529893205618
59,0.007643103663717232,0.0,-0.009556923278144502,0.011276370075868097,-0.0339144228599178,0.0,-0.013212677293197278,-0.15043213964724092,0.022219325492319753,-0.057013083876781306,0.01312031979983963,-0.018413024449550452,0.006272833608464423,-0.004035963027694822,-0.06876118895976122,0.008769938915428821,0.006482630729196581,-0.06443373015828155,-0.012770805011344366,0.007550580727604117,0.0,-0.06855651712090038,-0.006500210493693842,0.007079575733890092,-0.013071666921455005,-0.018601547883167452,0.00937112064490872,-0.00742039209433909,0.0,-0.0038323806090177215,-0.003053951463844573,-0.008954526257457823,-0.003830624518916914,0.0,0.0,0.012733341143487176,0.014594298941384365
60,-0.004661320648318007,-0.006137935068522449,0.0,0.002899524212210125,-0.020698282576909033,-0.028201047997316597,-0.009520429470325498,-0.1800887058376709,0.016345044343876403,-0.035284616281785225,0.006598699045196471,-0.011140480204630876,0.0019832303113615224,0.0,-0.05308881294415832,0.004594599545930916,0.006553474376243568,-0.03904422795372761,-0.013148395790004153,0.0,0.005434345364410842,-0.015310783202953954,-0.007944829888392402,0.0035538519695798854,-0.0033756939358258187,-0.03868793175092444,-0.0015617934251336285,-0.0073627774487627085,0.0,-0.007567960794449186,-0.005528271453030309,-0.008203609672026435,0.0,0.005108612518659739,0.0,-0.005160569799601916,0.00939475800840206
61,0.003945151680597281,0.0,0.0,0.03436290246249596,-0.01616214897180182,0.004689807990976846,0.0,-0.07620465513709396,0.07668213432837401,-0.03851001377584412,0.051689484464718105,-0.024119237738224664,0.008549844221680536,0.04561868115615869,0.07303005932036055,0.01812918830489202,0.06927974341889737,-0.013456509821384827,0.0,0.03236492581817846,0.021315230059361423,0.028045758332600035,0.004042575995351877,0.03028115258757924,0.00612958177363393,0.026163330434839704,0.022352735620020603,0.005268059400211883,0.027924160346368687,0.004211696239979523,0.01673360294845566,0.0,-0.004080391659797872,0.030644690942203873,0.004558202183384846,0.05457350328732008,0.03269441733690792
62,0.006385809456226632,0.0,0.0020661499718482856,0.041647093395715595,-0.016868466502836327,0.0,0.0,-0.008751592917066009,0.06628202080416568,-0.049943830045034,0.0412192311615896,-0.019154487618025073,0.023860262768752416,0.019105592054766862,0.06884420600297189,0.020528787499814932,0.03270349215038462,-0.018156056179538638,0.0,0.037306703319680196,0.022138236139824685,0.0075543510676033265,0.0040382428420736305,0.025029466031791847,0.019005108493229783,0.029487402764773907,0.01781672749250876,0.0032690199899713113,0.03553557052747974,0.00832245715849611,0.0,0.0051531061287746205,0.0,0.031553046048556355,0.0,0.06329170788307548,0.0414783056598258
63,0.0,0.02232900904278015,0.045777345904945255,0.018935136529804164,0.2983780756695036,0.0060660466245855416,-0.0037577280443358285,-0.013709819397243861,-0.017116096450586843,0.06493927123911553,-0.004182710645144527,-0.0187971889369086,-0.02276818419253429,0.015007099217801023,-0.015186565041367506,-0.009553781511427217,0.015489275658136292,0.010464374996892012,-0.02870770676696091,0.037443899261019736,-0.013022582984116515,0.006690980362699217,-0.004763474443192028,0.026553316726948245,0.012048130338996044,0.0018264620497846495,0.010421240602153992,0.008214212709649171,0.01105624348806683,0.0,0.0,0.01452795762095388,0.020236066391418284,0.014463398075489298,0.005491248962178563,0.0,0.04595471049229849
64,-0.025550652107818622,0.0070747806512242994,-0.06368265374307092,-0.015540140802820956,0.07538709080295958,0.0,-0.015341004088147286,-0.1955820926587638,-0.008441044859625768,-0.0006661380878095202,-0.0038563745190514642,-0.012153738388312796,-0.001765006480551612,0.0033595491302784164,-0.015960810079657883,-0.004848758723731833,0.010923935130458418,0.021896874280524475,-0.010120665319431066,0.012801765610892829,-0.005170754828587143,0.001430539877842335,-0.011548940219286319,0.003907716804671668,-0.011173707732014343,-0.005784307688198043,-0.03524566512781363,-0.002829640476318146,-0.03243174102837312,-0.005244600721618836,-0.013644028461392982,-0.00909624505675452,-0.004495301914696825,-0.023043363253125837,-0.002457540211811743,-0.04561012144386628,0.005250449285201186
65,-0.0016254581929376066,0.008444324988948093,0.0,-0.01403025128983243,0.017676310064778655,-0.001966884366969679,-0.013502133000353356,-0.08002897261571534,-0.04860336282959776,0.01570860684657771,-0.006549238130430235,-0.06191300507776901,-0.01660625321533271,-0.004515663826885813,-0.016481974157139312,-0.012275395783739623,-0.003219419479576907,-0.012841948443909679,-0.020829441814020216,0.0029888837120489453,-0.03999878631974746,-0.002746026250313227,-0.007126482455677818,0.005845379390814226,-0.0033294911854571674,-0.00996236048106619,-0.00522764540702883,-0.01670662976015172,-0.009391179506105574,-0.006350756936680163,-0.004615719108462479,-0.0073388979652440345,0.00522225612750199,-0.015266313125815445,-0.012749551154169536,-0.05256080026952892,0.013221944570390498
66,-0.013795000393115597,-0.018980990427932276,-0.019501385936382898,0.013821820457899203,-0.010503037629382567,-0.0010126164883349775,-0.0032245487169607068,0.0077650542274298184,-0.02611004269154657,-0.05706452601037337,-0.012002801816874631,-0.030394984557767568,-0.049747968898014416,0.004375540390394395,0.0,-0.020393019930079914,0.0029661978641407627,-0.11792267300317705,-0.003973966463381939,-0.036059696640211636,0.004422558560843615,-0.0022232047337396588,-0.01571681514702289,0.009377088499649966,-0.008710919291621544,0.00112159311307386,-0.009167067142042573,-0.025665376223085762,0.0,-0.002310241615166797,-0.01268344930406004,-0.007353311483173308,-0.004211014907217453,0.010870703315363689,-0.007667840762112521,0.00854757709993334,0.01387603023545203
67,-0.015878230829481754,0.018569557390940267,0.028238290192273252,0.04433338458015851,-0.01427239051298268,0.008399100133849535,0.005023803821767592,0.027415788525875395,-0.0040909121012699945,0.08528991353332277,-0.024188035108420047,0.05766986001047164,0.004679402375007524,0.02312174689522367,-0.003528668533178403,-0.004934919217705391,0.012216338916076569,0.05815610384619818,0.06534054819428303,0.03725135555886455,0.014058515214674494,0.00528516258747222,-0.002004668462577519,0.022877747999383302,0.0,0.012858922157063024,-0.00468234188686717,-0.015528451831869461,0.010680269464790781,-0.0024837656298884736,0.0,0.006025052304538814,0.0,0.040786043345660716,0.006113131782360726,0.02026859048424723,0.03768141835113914
68,-0.0029343819520113446,-0.006170056518493006,0.01772822247392533,0.019200764317326424,-0.026860476195341793,0.003838733143560813,-0.007119019728203169,0.031008879263428046,0.0579692140452773,0.05860728283623584,-0.020676442352701052,0.03293898806130097,0.01534189836090638,0.006054284183753644,-0.0073851260456142265,-0.009603780446158117,0.015495209900089013,0.0033327429159523136,0.007963583929166018,0.054905721997746654,0.014582228274896553,0.0079605393540359,0.00815533210405095,0.027194176980832485,0.0,0.017322038462402684,0.015752463752163492,-0.009111411873988062,0.03735169444027106,0.005730769325934304,0.005997436276173607,0.008258726640373082,0.003910964901960301,0.01992560516757208,0.0032409423482871458,0.08115603109208447,0.06968388411420584
69,-0.008380518217374067,0.003827798176618602,-0.06663634301226962,0.013358624668781127,-0.07746500700552073,-0.0036347230980240397,-0.0253581005907203,0.009378974546840724,-0.024514392755496717,0.020199297398805216,-0.005732999484371615,0.016703276131969536,-0.01506945139957927,-0.0025272155252638595,-0.00044143471112106925,-0.020206226106708913,-0.000999100730004976,0.021791631683860613,-0.029792616727818355,-0.07935425881576658,0.003430332274030612,-0.004832182141395636,-0.021223868344967395,0.01219300554058031,-0.006139262791403144,-0.009978004299224186,-0.026732977249998097,-0.020794908927128986,-0.005602794775485476,-0.025580212283108694,-0.017950759731487353,-0.00970720702038863,0.004554162727164607,0.006926254785303815,-0.007695593435331494,-0.0475342608114509,0.012268725608856834
70,0.03076183533202584,0.012837504855108345,0.040075259324615364,0.030038549162130557,0.13765544870287594,0.008778904246623975,0.02089170088436315,0.015450253464567881,0.020194271448190387,-0.005949744491064002,0.016427881619528406,0.005674304284105702,0.004623555086664843,0.0226173290817252,0.0025642637330837714,-0.0036419488918752463,0.011812348929451766,0.0034604140044641185,-0.0056642100568571885,-0.027212830902311885,0.005135394441385277,0.008767809503354373,0.08062335174798357,0.024419927925840357,0.0,0.0035799072329412707,-0.025116724967291337,0.0015116772928258915,-0.007171069445077283,0.005230299096644797,0.019064738508773604,0.0018084439586013856,0.0075524795682941626,0.012076361758616955,-0.006786744013481172,0.05099275832818606,0.03766396279638706
71,0.1367481327383787,0.018926570222338623,0.02641320312380796,0.050990622057714985,-0.03342852218057943,0.012887677058860403,0.0326772148473371,0.006547941903929766,-0.021948465197916878,0.10483813716717305,-0.03320092597139046,0.0,0.013632600102861714,0.043567364876041015,0.023549801190433983,-0.015414381403180188,0.021871595241931052,-0.11734256831285106,0.12259181668560648,-0.051499562890010925,0.019881574345858133,-0.016550087827766485,0.0,0.026073713581540675,0.006951903673626525,0.049534006319592344,-0.012632003879938403,-0.029912105028957497,0.008112358254055152,0.039830671998149186,0.0,0.005367452975807097,0.0,0.08167847984712942,0.009406999451839426,-0.028007739153119854,0.05860418773310028
72,-0.010410515915472762,0.023719381458132183,0.027480009875375744,0.023182477796770296,-0.03868809323037478,0.0033521424751071782,0.0017880283273740694,0.015776289272278754,0.011814744015378825,0.15332309824815482,0.01838001681960616,0.04266375224302338,0.014520882447993488,0.006905289885388993,-0.005799315711550818,-0.008925719623887163,0.012303916911113877,0.008307973625851006,-0.01782123674270658,0.03431412189169719,0.006149770553477513,0.003922208260035365,-0.0049499618087944786,0.029736571303023124,0.003807571091086287,0.008865943319351866,0.0073613492821608395,-0.016094998504609548,0.025471649505749094,-0.007517814917452015,0.001000526687895742,0.00836033006216405,0.013229109781093706,0.02622848944945866,0.0,0.0614386926308349,0.07755098278667294
73,-0.014670147011052376,-0.03875852914007205,0.06373557541923025,0.0483529577575372,-0.010521606119792526,0.001759663637756842,0.0,0.014688669308296015,0.053457917738658295,-0.0348682822863878,0.005863431890494097,0.05460995382158962,0.01161660621153926,0.01378787700511866,0.02661691045825701,-0.014602761769649364,0.009136999174757743,-0.0581553798539291,0.044429916653980106,0.04854561060650808,0.020894430849816847,0.004370856483588148,0.011345414644078788,0.03158311796662533,0.0,0.03502020411377332,0.018855490389712626,0.0,0.02800673213637428,0.010914191512580829,0.008508368015927914,0.0036226580740123526,0.0085426480631276,0.03329042553588751,0.0016439076063780034,0.07682485464978112,0.04229898000689736
74,-0.014955888709401316,0.0026995777527642484,0.02423650336917682,0.034594259612473394,-0.033431699450048424,0.005800279832662014,-0.007022829292210014,0.02111747352501861,0.12153163961051164,0.06440639596106457,0.0,0.060075153195792874,0.02879437610882518,0.0076786413022529865,0.002212784567125814,-0.011576296020557153,0.00881121421090758,-0.009363720026765887,-0.007825315280152678,0.0405689137416646,-0.008324105320846875,0.0018789775650983054,-0.0035382208905880286,0.023935713549408627,0.0,0.011887662029380852,0.0,-0.013197496836318157,0.024612431635456428,0.002624111945134011,-0.0026730110387623296,0.009638025822579804,0.007756585839475083,0.032203327397265946,0.0,0.06363643087041898,0.07195576697259443
75,-0.01806142202283348,0.007248050653637206,0.022208423695740498,0.03675077319656278,-0.01875113646495402,0.0039724223076920695,0.0,0.03275374517333174,0.027694465753501263,0.09101309807672636,-0.054489258224763804,0.03741671863776386,0.02549565468964715,0.0181828518277537,-0.008042868650486729,0.0,0.015060355410486281,0.0,0.002539978186358649,0.04751721607027437,0.013319733619434615,0.0021028731666445366,-0.013628200715510574,0.027308404691444244,0.0016662152226447624,0.021102737730852805,0.003267513899866792,-0.01093752003687809,0.0406416795566818,0.008734978183249753,0.0,0.0134877556418041,0.0,0.03342613639641931,0.00603948940601251,0.06996807589919113,0.07573872257310638
76,-0.009338681241141372,-0.0054013361725291364,0.040427184478521394,0.027279442684669086,-0.03040819725834354,0.005830307195711176,0.008878832293068462,0.032980155815221845,0.01688867622465151,-0.0022647189153617575,0.0,0.011209609042583446,0.04941823615966939,0.011557265894999169,0.005052798946810433,-0.01152834649886858,0.009686058980584833,-0.040898596616355726,0.0017987725790717113,0.054622663791437764,0.024936845405875763,0.0070990942130873536,0.010828691651851269,0.023398514520021507,0.0035470067731179222,0.029557732825136435,0.019977363992949387,-0.012774800375571493,0.058401427892577185,0.026708815352812,0.018563469186119508,0.015854302996129943,0.0054591921969114054,0.019456747331422164,0.0,0.06451463324444107,0.06942849896012043
77,-0.009348412964836794,0.001328487987201088,0.019855891549740046,0.02377238826650427,0.0,0.0032567140355280466,0.0,0.016630086062142335,0.02241812011687261,0.1399614162808947,-0.02952527006382713,0.03626551761344038,0.02511801227353036,0.01894295075368005,-0.014068967673804611,-0.0046369652969053266,0.009238951086148972,-0.024677504842360698,0.001249470416159193,0.047118405446832184,0.007409303528533473,0.006364302830215746,0.003882274077920189,0.02104120535674603,0.0056756402810800854,0.0179210040469443,0.009403094313591986,-0.011198657958095992,0.028372899679829977,0.009208009109891502,0.008276528242846803,0.006171030261999777,0.0076212487574801036,0.012313998517869934,0.013714531486533676,0.050910462494117625,0.08076149747695699
78,0.0,0.01955713917288293,0.0,0.01232866170438926,-0.01960686208725909,0.0034543723915766433,0.024295272301416926,0.011339552205323122,-0.03737029441078826,-0.01279508441709154,0.018649111325674594,0.01374029630528778,0.0,0.005010733616056973,0.009783155721579395,0.0,0.0,0.021953900150038563,-0.011565900622201475,-0.07362398980091944,0.01492195577506028,0.0028750700187962497,0.17723776963407933,0.02220114825528602,0.00962976018685735,0.0,0.06891361084191577,0.0,0.014908807433734905,0.0,0.17915815045214872,0.05473636943584009,0.012688703383400363,0.01262715057082714,0.009609117173555837,-0.015584113723100812,0.01167410055703444
79,-0.013578293676034553,0.013242962609758657,0.003457047911505473,0.031225013201837126,-0.03863475473147715,0.00874799092202086,-0.010206244698222788,0.018977397340327135,0.08806252065145737,0.12711309864308817,-0.006163906288352505,0.010899192595084706,0.04931571000873547,0.005387245375438332,-0.0029862643831457814,0.002173498279961439,0.015886723862083674,-0.027033147969713428,-0.009094920775032905,0.04953091936405232,-0.02032229497359553,0.005452975686235234,0.003944086344741415,0.02443973013015377,-0.0071634572026570975,0.017911692560920345,0.0036572433153374273,-0.003970341333045857,0.01979493036160329,0.012337379818819327,-0.0031947684443816293,0.0,0.00862870886008954,0.026452419915515668,0.0,0.08457005468226608,0.07188751558602824
80,-0.007996732765725163,0.007531439097035093,-0.004717686267764452,0.010790774956795455,-0.03646864755710836,0.0025774273052857795,-0.011969861053652081,0.005258973795515154,0.01995042290149296,0.0024975931797665066,-0.00302152468806461,0.024278052041720698,-0.010921302931904762,0.0,-0.006378357282933372,-0.010290288054398022,0.0,0.029247597960568982,-0.03655040128433616,-0.016947365858257582,-0.0011185170033931012,-0.0015168371058865496,-0.01247371742685699,0.007925599843154534,-0.004940307199011396,-0.005434802119801477,-0.002405913071365458,-0.017419152275129496,0.003009503101608628,-0.02300954349324568,-0.008664273061811428,0.004224002059324966,0.0025341911515230284,0.012311401692687282,-0.007272881274337874,0.034980418467924324,-0.3768516222280174
81,0.00606082786563944,0.008893928455330546,0.010729531213180987,0.019711353856461805,0.000874400128239361,0.004609547482382681,0.01012150735346673,0.011582851348056228,-0.016076336299741506,0.23000202955832355,0.005345125045164545,0.03654185454907316,0.037098836382004785,0.019764138583544866,-0.0038904460376159578,-0.008481148715923148,0.010855932681543806,-0.06560080053973211,-0.00602230941688231,0.044813483201175675,0.0012085588401671288,0.00342334496450597,-0.008319018980332521,0.020836485494336254,0.0,0.017303155498415962,0.0037433870644024425,-0.011128129975796486,0.028209989872791136,0.008630866265119719,0.003473948566053209,0.007173719016314584,0.007324151796393008,0.01977246551311143,0.009698558457557016,0.021379763370780624,0.07108211109388934
82,-0.00766721427684286,0.021864706401942158,0.01583784701025384,0.03167588785470643,-0.031906041306774685,0.0037580231985188672,-0.003445477545938991,0.012673558675876495,0.08787664518657462,0.03954263510167155,0.009963746501939902,0.036657029046463174,0.023239599865002625,0.009524137545993239,-0.003037786332551695,-0.006369934339101185,0.012012979999730972,0.07438652258021006,-0.019666308628165763,0.03598058338752225,0.008734567951844574,0.003984056666173796,-0.01846192482512815,0.02596702796367001,0.0,0.0038055156278798408,-0.0115179298967919,-0.010071790345036469,0.015563373612145104,-0.012755432999026872,-0.013662209589555108,0.016652907144439844,0.018750694923498623,0.03330699281859195,0.0,0.08118916239616064,0.07636151217550502
83,-0.014862063004409398,0.0071005301947590915,-0.007518133142124905,0.012496665456930095,-0.05177394047713002,0.0012122273778458204,-0.010697002411976242,0.0012891873321712322,-0.07697065115826593,-0.055968987790357305,-0.007841717252900615,0.027519561027965794,-0.038565208957420494,-0.00035464820729497193,-0.0057227409953873876,-0.014237232559972446,0.004420388760350058,-0.11967661620063061,-0.04364510601687868,0.003421214119274707,-0.00831584073842162,-0.0019250999030879234,-0.011057360835049934,0.014745916873601245,-0.011510300783943245,0.004757318122243587,-0.007258606239712251,-0.027518189381395608,0.012531779320699432,-0.0055960987056252465,-0.007500190469926948,-0.008212275477616604,0.002894190054565149,0.012898161248331819,-0.006303242120238667,-0.023679169660152405,0.022170946152583304
84,0.006883085483739865,0.0,-0.0013080780886023102,-0.036894962731690684,-0.030209813681726372,-0.0008927762428985186,-0.015618515636793145,-0.0012814009070872268,-0.013770434527845682,-0.041779430346430474,-0.001081670410551988,-0.009749720573525161,0.0,-0.005109225812998164,0.0,0.0028052541295779665,-0.023606043812746114,0.02190286116836665,-0.010275070463898861,-0.0020616398063399988,-0.0031818096333901535,-0.008590981105229129,-0.00513053145587497,-0.09224704997482489,-0.01752692622985219,-0.0026007937538587433,0.003451899261773944,-0.006376558394964427,-0.02876753405490462,-0.0069906326868195146,-0.003452722011807463,-0.04089739212225885,-0.0031970146014880796,-0.030334539895162632,-0.008172100416884737,-0.0198901515731858,-0.003299915538415632
85,0.0,0.0,-0.006956695861799839,-0.014109197115994801,-0.030297782455046163,-0.0035216083149030575,-0.0069329163229890495,0.0,0.0,-0.040425786928494384,0.012376786815549018,-0.022161222882989884,0.006293220642371866,-0.017115451800677278,0.004225203893943097,0.0,-0.00285582888765179,0.021772461075828364,-0.023120498370423348,-0.021373178632356646,-0.0032294067282288563,-0.00346425005986703,-0.00789649578625748,-0.04856618189328327,-0.004046305953229384,0.0,0.004943950185154075,-0.010706590588626774,-0.007856731986952553,-0.009360345197250625,-0.006928430986909512,-0.018112206238011172,-0.00610772463465184,-0.017105890929846074,-0.005772799805027554,-0.005613551601081568,-0.14522687909889465
86,0.011185807498207578,0.010705456746862047,0.0016994441612660782,0.006905367241137855,-0.004491773512887792,0.0,-0.008624006913735272,0.006504996489316295,0.002424660781864374,-0.06164028931141263,0.00963277209338953,-0.03365569322378009,0.0016334970125370107,-0.04894260504236267,0.017916353759168724,-0.028354875453497574,-0.05567606362813077,0.041226447341840555,-0.032751517782328876,0.019456075332405648,-0.0024970121408481316,-0.0030347421552578413,-0.018188419913925225,-0.19623118326424316,0.014983310815122358,0.0014567314458895086,0.014114204727074087,-0.06927341553148242,-0.01555057296102641,0.004736770655601491,-0.010462632345797807,-0.03695872925350008,0.0,0.0,0.0,0.006378655436748093,0.016120644447187416
87,0.0,0.0,0.0,-0.0011686434131245038,-0.09158110105535777,-0.0025517613924132265,0.0,-0.002330726716699122,-0.05511810315380028,-0.012282487848277512,0.0,-0.004836886592100492,0.0,-0.013417156925099982,-0.003454202865239925,0.0,-0.03779732745851547,0.009225889456290465,-0.003148152377329183,0.0,-0.0017966390732210569,-0.012020359503108258,-0.010850754353188219,-0.016352231831220393,-0.0005659630009993144,-0.012816835232910273,0.0,-0.002949860885317679,-0.024793179188431103,-0.001221004664837655,-0.008449684596117502,-0.03417505221173686,-0.011138772969254862,0.0,-0.010724322097206557,-0.041808054223839874,-0.03112896227554146
88,0.012678367467793494,0.009023852110131014,0.004990236550952765,0.0025317525129362473,0.0,0.0,0.0014494090198783338,0.008987980241915994,0.017607180721071647,0.0,0.015500472817848054,0.0060937620551291816,0.006399209400485106,0.0,0.0060970158898778215,0.007373740577731769,0.0019789192394583377,0.013483046581774738,0.0,0.049129251364139065,0.016727241702975792,0.21197128473424628,0.013075999833108476,0.015002135597397714,0.00843848253531504,0.0,0.012103835135813007,0.0,0.015995918187301894,0.0,0.0,0.062363066055157124,0.0043900484317010435,0.007660315989202249,0.009928232877481735,0.009683093643396978,0.010083812277181137
89,0.0,0.010136578718927647,0.017171735787065268,0.0,-0.02093419499205107,0.0,0.012316221941633732,0.009614873331935836,-0.021985325713807707,-0.027717118167057547,0.0,0.0,0.008300281670247156,0.007808775503970744,0.021894340971493564,0.006403857112073419,0.133843749076618,0.03206561848670286,-0.0223484038811691,0.0,0.010318147162129948,0.0,0.013469321049165761,0.0,0.050793509046153595,0.007048472331211586,0.004555003210330866,0.2739044109347344,-0.020800392000759976,0.019553353582065502,0.0,0.0,0.0,0.0,0.03533484838978751,0.0,0.0
90,0.003500878128768925,0.0,0.020290337738119002,0.024866545856124578,-0.028491087322479014,0.0012307694899336696,0.0,0.025011417065610442,0.004093437603873429,-0.04594483286429896,0.012448532900084214,-0.011268899717742586,0.02389756613991595,0.002967139216853515,0.06335629003014126,0.03669946222949347,0.0015343141500830382,0.03966103238620655,-0.017594989009929812,0.03465986188309478,0.013453268495862702,0.003485658059493607,0.026090259406246208,0.018949752857833513,0.033071341173817714,0.02729119712151734,0.024143278735268947,0.024662043171025244,0.03602957778187965,0.006755475213293727,0.014511743205207928,0.02610701563477652,0.0043297666324892126,0.025183433803396937,0.011623068768253197,0.028539974328972206,0.0456030332582148
91,0.082083548250733,0.00634563062945942,0.008795606232015973,-0.028782987100428592,0.007012930219906011,0.009561118236583538,0.0,0.014260676062585381,-0.014285412043252566,-0.022707848710230516,0.025780129563663823,0.01892699250192542,0.01285136329330644,0.023176470899428148,0.0061178200148392925,0.10839304012946299,0.0,0.15641921932780484,0.033044065184291316,-0.009053458783398471,0.016630860429383554,0.005927073512131176,0.0,0.009913182604755488,0.014044762062793703,0.0034536003070603782,0.027311474466259533,0.014137941643563523,0.0,0.007823936225663214,0.005722043249632047,0.026942840075371677,0.012560524105473925,-0.028131441469721047,0.0027614198142839608,-0.014679299107708377,0.018389841723763456
92,0.011187533416984585,0.0,0.018051532357763606,0.0,0.0,0.0036280809332675523,0.0009059093123125472,0.004725655309469612,0.007283306609729812,0.0,0.01266547327799622,0.006582782877613547,0.009458174623270366,0.02115958875308316,0.0023440972083882405,0.0,0.021270457290283373,0.041214407968608424,0.013266852470477375,0.0,0.012690292878099002,0.0,0.013006679584350367,0.0,0.02823687638112332,0.0059364848959560235,0.011981862803954746,0.2626036141195568,0.008848657339672716,0.021677185131452392,0.0,0.004312695266223854,0.00247912280964524,0.0,0.012596882672174514,0.0,0.0026334572599446826
93,0.006811034576295283,0.004451050349496111,0.008020307041710528,-0.0159336405334643,0.0,0.006580948660277308,0.0,0.017917608600020896,-0.061572122811774294,-0.05758129783109703,0.023526378950230353,0.01125503120006785,0.028703267481212602,0.04869234171943898,0.02940651651837789,0.1820403660790343,0.0515322430985726,0.0529657919342596,-0.01960468499356771,0.027076081488109693,0.01426239962531578,0.00474402073186625,0.014988688202256517,0.016809489196465632,0.03222729420553733,0.011217109891559385,0.02485349650580071,0.042414744877555755,0.010193257221905616,0.03410479681294662,0.01331195408216529,0.008860911765268209,-0.005401487528435528,-0.014931296814588269,0.01820717197491556,-0.038651512048798464,0.029249403322464618
94,0.0602786969115115,0.005311612845969427,0.017105523153571556,-0.004478661554686958,0.034976022736833534,0.0027274798798763156,-0.008642076009155647,0.03454988603353748,-0.0038480778987431408,-0.05488514217246604,0.017593788703646418,-0.0050680198425303025,0.024088895183506348,0.013491727904678869,0.018606368462036005,0.13183643723284094,0.011858004449265436,0.04566269482091245,-0.010333879315659988,0.038533636797519866,0.012938389606881567,-0.006503638228668396,0.0,0.0,0.05676734970360103,0.01194690764980963,0.026743684934182943,0.013290333348366018,0.0019147845121210705,0.012837929735679598,0.003972918752218918,0.012559372485078435,0.005598324321478082,-0.004749195275773721,0.02135619972747349,-0.012128230653317917,0.034837614609807166
95,0.012282097831285421,0.0,0.013212838235091173,0.0,0.0,0.0,-0.011274540356565499,0.010023345726508648,0.016298322808617927,-0.015814269992026814,0.013774001491655752,0.017157944787103918,0.011655229608131201,0.006448119292445709,0.0,0.025106235329295762,-0.021088345157934618,0.24548827505655568,0.02743983197303218,0.006073596882138266,0.022124636679788923,0.0,0.008793665403603407,0.012101924403938147,0.016345097401593567,0.0,0.01588099310291624,0.07585377946339161,0.011287904533807513,0.01586243165813417,0.007052238446615344,0.02540418334292066,0.0,-0.013565657426711952,0.006823783026069785,0.0,0.0
96,0.032941948443497904,0.0034011805981503107,0.006959151261387908,-0.007860332705806217,0.09031109417412336,0.006311605795988884,-0.010374146039163201,0.009605303576044277,-0.008529372838710247,-0.03755946267092608,0.014303805035015216,0.003352764042434897,0.007557027048174181,0.026079275141857428,0.004854192856889872,0.016508177356957365,0.010263438296171656,0.21396466999943042,0.02768722631302345,0.030016151033941896,0.017886127467643953,0.007228230634291566,0.0,-0.04729752762271022,0.008748513411772796,0.009434402933319985,0.021910117924276717,0.09620808933805919,0.0,0.0,0.0,0.01757356719094394,0.003968749567866026,0.0,0.003334615037159816,0.0,-0.018040919049705062
97,-0.004049518143357134,-0.0004282002830851006,-0.0052204898571702185,-0.036229394520012004,-0.05110070756476737,0.004417841855857418,-0.02090331697033515,0.01070298573328518,-0.07071517658456017,-0.04002209254519834,0.008756251434286294,-0.009011941385245859,0.006642495175390506,-0.020573135720683866,0.0,0.014884658831194886,-0.02082982026894592,0.02696650858899391,-0.023095784703431654,-0.029740809923155143,-0.0011199820865891719,-0.013780510439134641,-0.010731178684776271,-0.015718154978701576,0.01788177143929759,-0.0011414645335850737,0.006767578712553068,-0.002228457815049656,-0.030482821329492094,-0.00558854573482559,-0.005412965985783447,-0.02267558764111649,-0.002668761262308028,-0.03315749456582828,0.0022571331343370638,-0.07156460362280592,0.009661355796150128
98,0.010676471806773835,0.0,-0.003510970424453308,-0.018323294972986987,-0.009786253574133985,-0.0020907178581786034,-0.017666427470223456,0.0,-0.06110950628965034,-0.032640295520291046,0.0055712197816385756,-0.011792675484680964,0.0,0.0,-0.007029212208233493,0.0,-0.0725217778279352,0.02596173529410581,-0.005158273958947496,-0.005318327935208367,-0.0020376107836524437,-0.03348510264202745,-0.011172430935263572,-0.01938165504571593,-0.004631729190142375,-0.0012521625524244961,-0.0027766691872908034,-0.017741569843955307,-0.027670149853888687,-0.0017412146797508021,-0.0006845785815474126,-0.01209169764812934,-0.0036365801690189103,-0.014631334296569015,-0.005423436521494296,-0.07421431735932156,-0.00194179051600063
99,0.013596600082787014,0.0,0.0,-0.018112588580209393,-0.005552542950486156,-0.002282665424879496,-0.006519549940217195,0.0,0.0,-0.020714967693523573,0.007224861672468996,-0.008846396784723098,-0.007757849868910566,-0.04746009321829389,-0.008921699773203506,-0.00600082797868795,-0.013544629644673706,-0.01293922778157261,-0.010884810315041321,-0.02011251054755825,0.0,-0.009246451711597659,-0.00452890430411057,0.009921909995416672,-0.09447285409191597,-0.0010981896413277403,-0.0029036950741897216,-0.004611456289555421,-0.0072438744210415185,0.0,-0.0035213877377415492,0.005416452029124774,-0.006457677929999517,-0.0084427768809624,-0.08385571863368838,-0.005284493661069006,-0.05409431934921549
100,-0.005767395953717336,-0.0054768144340335,0.0,-0.029158396074666304,-0.025854474176931902,0.0,-0.009591021661328775,-0.0008945730125088092,-0.013939312534986065,-0.03126146472602301,0.013605554780416224,-0.00877030273504395,0.0,-0.01830920994232038,-0.0011049343433471859,0.0,-0.11437173349463209,0.03793121920838419,-0.013833964372444163,-0.0043150181476495075,-0.00233272241189611,-0.006916879835203282,-0.01277680731348213,0.0,-0.04315481176221386,0.0,0.0,0.0,-0.027194965305649604,-0.01552558816426411,-0.008097732318650769,-0.006938550160713569,0.0,-0.02541706341179953,-0.04906687382094588,-0.010718500322946745,0.0
101,0.006495764691997974,-0.0054956043829930135,0.0,-0.008660804183243553,0.01196256602943263,0.004471727651868929,-0.011518863214471348,-0.007683281873362646,-0.036651925400272845,-0.023964734902705037,0.0,-0.013413062351589872,-0.0027354925433720756,-0.0667100436123382,-0.003780227769752925,0.0,-0.013156684429780602,0.01093805273677767,-0.0101823401163042,-0.0058273432403820324,-0.0037884539353860713,0.0,-0.006072647483714166,0.0,-0.05391478943889505,-0.001273281711936497,-0.00560128181059677,-0.005239497002187843,-0.01328167737013547,0.0,-0.005662983042260844,0.0,-0.003374429102673049,-0.005583827368407734,-0.05533209081572457,-0.029106941097078926,-0.07510813935910998
102,0.004312788714009502,0.0018357264547277652,-0.007599642791226102,-0.010499911103734244,-0.030144581730560782,-0.0021238029530043223,-0.015748741851290216,0.0,-0.061108921419083,-0.04181405321973303,0.0054608291671939535,-0.012883943934091091,-0.0019072413146096756,-0.01925229941873688,0.004548107035699245,-0.003679584049748552,-0.09076198166429969,0.032502474628039374,-0.017716425584747425,-0.003461646804568258,0.005574362138833583,-0.010513171923699688,-0.013925905295906371,-0.005865120011602137,0.006384553834605677,-0.001948064727212373,0.0,-0.024853347743508974,-0.03780970702756997,-0.00561715092371598,-0.01898952532002604,-0.009896499783170115,0.0,-0.012013974728283333,-0.0006598132146015123,-0.047341905928572736,0.008265786045595414
103,-0.012761878530122561,-0.0069102706270735,0.013048007889283203,-0.016280386576107142,-0.005214470203929511,0.00772460103740466,-0.010498842837478067,0.01717221429769661,-0.04278797790638933,-0.023939931913622037,0.029923737228647385,0.014015095943644695,0.028394820761697803,0.07782550082492007,0.013691888243456851,0.17320629839985152,0.04800964817428327,0.031087187375733905,-0.007192066616644732,0.01388531373068519,0.010108651971738436,0.00946728690463311,0.017256622234395114,0.024282747268553673,0.052665501953214955,0.00804555307060889,0.021178182496848497,0.04719407838547934,-0.018191872101553208,0.03660526313008772,0.003471044576736526,0.001976845334373978,0.012946400463807295,-0.01833607427689879,0.030173277766275708,-0.041074235634242146,0.020579901311404525
104,0.002359085348757811,0.0,0.0,-0.010481298914004678,0.00809548248855066,0.0059640957646786286,-0.005025664733821156,0.0029691404218943895,-0.029567669851981865,-0.05217523002304736,0.019605030462953643,-0.015264956878120628,0.012652849059063415,-0.029478108910669487,0.003865988191808306,0.024778897536061273,-0.4003560459673769,0.027972709790203748,-0.013039145086707643,0.01231063814194494,0.003610822042563258,-0.0027843915549231046,0.0,0.007249209140211377,0.007985026559620939,0.0,0.008397851431548392,0.006854944516480749,-0.003132029822241311,-0.015233885865002128,0.0,0.0,0.0,-0.004224272352115838,-0.010695273225382718,-0.016674181910573432,0.014208047751028796
105,0.0306368769569908,0.010387654281808434,0.004799760511890905,0.0,0.018732965033205234,0.0020770322187799173,0.00203357392950837,0.0,0.0,0.0,0.006555556286514941,0.006699839399053498,0.005085333348415988,0.03972331457604977,0.010087995968896146,0.00160138281444816,0.005693274183564023,0.0,0.012431377120091014,0.0071876213360450025,0.19469271985169828,0.0,0.0,0.008143983762380624,0.0,0.0075751563790800724,0.006035575256600201,0.0,0.0029181380127955014,0.1483766475277299,0.0,0.005627878559395838,0.009065632310100685,0.0,0.004775874799006541,0.009802499127352093,0.0
106,0.008609838634889178,0.008414925087630337,0.004555690271614787,-0.13309038251652702,0.018136673422910393,0.0,-0.01410455829480467,0.0,-0.003712068261691598,-0.013848641694450103,0.0,0.0,-0.003408457033184098,0.0,-0.006318200826275988,-0.012322800123260452,-0.0014234813015246706,0.006584429327725599,-0.014504057449437557,0.0,0.0,-0.002860326902986543,-0.005179288469887022,0.0,-0.0018942465843552747,-0.010555357236774837,-0.013359975286893755,-0.009875303437729133,-0.04512933618503401,-0.013399553556086213,-0.00852303675398347,-0.023148258410936873,-0.0028808532429479283,-0.12771323763246295,-0.0029243195600399674,-0.015378152432094283,0.0
