Radius,ERn86Epi,ERn58Epi,ERp73Epi,ERp3019Epi
1,0,0,0,0
2,0,0,0,0
3,0,0,0,0
4,0,0,0,0
5,0,0,0,0
6,0,0,0,0
7,0,0,0,0
8,0,0.00884955752212389,0.0169491525423729,0.00496894409937888
9,0,0.0265486725663717,0.0338983050847458,0.0236024844720497
10,0.0127388535031847,0.0442477876106195,0.0711864406779661,0.0627329192546584
11,0.0191082802547771,0,0.149152542372881,0.115527950310559
12,0.0382165605095541,0.079646017699115,0.220338983050847,0.179503105590062
13,0.0764331210191083,0.0973451327433628,0.308474576271186,0.251552795031056
14,0.089171974522293,0.150442477876106,0.372881355932203,0.337888198757764
15,0.121019108280255,0.230088495575221,0.440677966101695,0.427950310559006
16,0.197452229299363,0.292035398230089,0.522033898305085,0.513664596273292
17,0.273885350318471,0.353982300884956,0.593220338983051,0.602484472049689
18,0.331210191082803,0.424778761061947,0.715254237288136,0.716770186335404
19,0.369426751592357,0.495575221238938,0.840677966101695,0.832919254658385
20,0.420382165605096,0.566371681415929,0.925423728813559,0.950310559006211
21,0.45859872611465,0.619469026548673,1.05084745762712,1.06583850931677
22,0.522292993630573,0.769911504424779,1.15932203389831,1.20931677018634
23,0.611464968152866,0.876106194690266,1.27457627118644,1.36086956521739
24,0.687898089171974,0.964601769911504,1.42033898305085,1.50931677018634
25,0.815286624203822,1.05309734513274,1.52542372881356,1.67763975155279
26,0.929936305732484,1.19469026548673,1.65762711864407,1.86273291925466
27,1.01273885350318,1.28318584070796,1.84067796610169,2.04099378881988
28,1.08917197452229,1.4070796460177,2.00677966101695,2.22919254658385
29,1.17197452229299,1.60176991150442,2.14915254237288,2.43478260869565
30,1.31847133757962,1.68141592920354,2.3728813559322,2.63975155279503
31,1.39490445859873,1.85840707964602,2.56271186440678,2.85155279503106
32,1.47770700636943,2.0353982300885,2.78305084745763,3.07391304347826
33,1.5796178343949,2.16814159292035,2.96610169491525,3.30621118012422
34,1.69426751592357,2.31858407079646,3.16949152542373,3.55900621118012
35,1.85350318471338,2.46902654867257,3.3728813559322,3.80124223602484
36,2.00636942675159,2.61946902654867,3.5864406779661,4.08136645962733
37,2.1656050955414,2.78761061946903,3.84067796610169,4.37701863354037
38,2.32484076433121,2.94690265486726,4.05084745762712,4.69130434782609
39,2.45859872611465,3.10619469026549,4.32881355932203,5.00683229813665
40,2.63057324840764,3.31858407079646,4.6,5.31614906832298
41,2.78980891719745,3.49557522123894,4.8135593220339,5.6472049689441
42,2.96815286624204,3.73451327433628,5.10508474576271,5.99254658385093
43,3.12101910828025,4.01769911504425,5.40677966101695,6.32360248447205
44,3.31210191082803,4.21238938053097,5.66440677966102,6.67888198757764
45,3.45222929936306,4.43362831858407,5.89830508474576,7.03105590062112
46,3.63694267515924,4.69911504424779,6.2,7.41242236024845
47,3.84076433121019,4.93805309734513,6.51864406779661,7.80931677018634
48,4.03821656050955,5.23893805309735,6.80677966101695,8.2167701863354
49,4.26751592356688,5.42477876106195,7.12881355932203,8.63726708074534
50,4.52229299363057,5.64601769911504,7.47457627118644,9.05714285714286
51,4.73248407643312,5.98230088495575,7.8,9.49751552795031
52,4.94904458598726,6.29203539823009,8.16610169491525,9.93913043478261
53,5.17834394904459,6.57522123893805,8.50508474576271,10.3732919254658
54,5.40764331210191,6.87610619469027,8.87796610169491,10.8198757763975
55,5.65605095541401,7.19469026548673,9.2271186440678,11.3031055900621
56,5.84076433121019,7.54867256637168,9.56949152542373,11.7782608695652
57,6.09554140127389,7.83185840707965,9.94915254237288,12.2658385093168
58,6.39490445859873,8.2212389380531,10.3525423728814,12.7484472049689
59,6.70700636942675,8.5929203539823,10.7016949152542,13.2782608695652
60,7.05095541401274,8.92920353982301,11.1728813559322,13.8105590062112
61,7.40127388535032,9.24778761061947,11.6474576271186,14.3788819875776
62,7.72611464968153,9.69026548672566,12.0983050847458,14.9223602484472
63,8.00636942675159,10.0265486725664,12.4847457627119,15.4726708074534
64,8.29936305732484,10.3893805309735,12.935593220339,15.9819875776398
65,8.61146496815287,10.8053097345133,13.4237288135593,16.6099378881988
66,8.87898089171975,11.2035398230088,13.8745762711864,17.232298136646
67,9.27388535031847,11.5840707964602,14.3084745762712,17.8385093167702
68,9.64968152866242,12,14.8169491525424,18.4211180124224
69,9.98089171974522,12.3097345132743,15.3050847457627,19.0291925465839
70,10.343949044586,12.6991150442478,15.7966101694915,19.6391304347826
71,10.6433121019108,13.070796460177,16.2067796610169,20.2751552795031
72,11.0509554140127,13.3805309734513,16.6915254237288,20.9304347826087
73,11.4522292993631,13.7433628318584,17.2305084745763,21.6031055900621
74,11.8853503184713,14.1681415929204,17.7830508474576,22.2546583850932
75,12.2292993630573,14.5929203539823,18.3050847457627,22.911801242236
76,12.5414012738854,15.0088495575221,18.871186440678,23.6031055900621
77,13,15.4247787610619,19.4440677966102,24.3
78,13.4267515923567,15.8938053097345,19.9661016949153,25.0074534161491
79,13.8471337579618,16.3628318584071,20.528813559322,25.6987577639752
80,14.1974522292994,16.8053097345133,21.0847457627119,26.4273291925466
81,14.7261146496815,17.2477876106195,21.6542372881356,27.1813664596273
82,15.203821656051,17.6548672566372,22.2677966101695,27.9683229813665
83,15.656050955414,18.0530973451327,22.9084745762712,28.6813664596273
84,16.0764331210191,18.5398230088496,23.5593220338983,29.4608695652174
85,16.5414012738853,19.0176991150442,24.0983050847458,30.2099378881988
86,16.9936305732484,19.4247787610619,24.6474576271186,31.0136645962733
87,17.4649681528662,19.8230088495575,25.2305084745763,31.8304347826087
88,17.9745222929936,20.2300884955752,25.8135593220339,32.6167701863354
89,18.4904458598726,20.6725663716814,26.4033898305085,33.4130434782609
90,18.828025477707,21.0884955752212,26.9830508474576,34.2596273291925
91,19.3057324840764,21.716814159292,27.6,35.0850931677019
92,19.7643312101911,22.0973451327434,28.2576271186441,35.9242236024845
93,20.312101910828,22.5929203539823,28.9559322033898,36.7633540372671
94,20.7324840764331,23.0442477876106,29.6135593220339,37.6242236024845
95,21.2993630573248,23.5132743362832,30.2474576271186,38.5124223602485
96,21.8216560509554,24.0884955752212,30.8949152542373,39.4031055900621
97,22.2929936305732,24.5663716814159,31.5220338983051,40.2627329192547
98,22.9426751592357,25.1238938053097,32.2033898305085,41.1745341614907
99,23.515923566879,25.7433628318584,32.8237288135593,42.0869565217391
100,24.0891719745223,26.3451327433628,33.5762711864407,43.011801242236
101,24.6369426751592,26.7345132743363,34.1830508474576,43.9503105590062
102,25.0445859872611,27.3716814159292,34.9254237288136,44.8993788819876
103,25.8662420382166,27.8938053097345,35.6576271186441,45.8472049689441
104,26.4585987261146,28.5221238938053,36.3254237288136,46.8298136645963
105,27.1337579617834,29.0619469026549,37.0813559322034,47.8037267080745
106,27.687898089172,29.5398230088496,37.7898305084746,48.7490683229814
107,28.2420382165605,30.0884955752212,38.5050847457627,49.7565217391304
108,28.8853503184713,30.6106194690265,39.2237288135593,50.7378881987578
109,29.5414012738853,31.2477876106195,39.8745762711864,51.7347826086957
110,30.203821656051,31.9380530973451,40.5898305084746,52.7211180124224
111,30.8662420382166,32.5575221238938,41.3762711864407,53.7416149068323
112,31.5605095541401,33.2035398230089,42.1152542372881,54.7875776397516
113,32.2229299363057,33.7699115044248,42.9694915254237,55.8403726708075
114,32.8980891719745,34.5044247787611,43.8033898305085,56.888198757764
115,33.4713375796178,35.0265486725664,44.6169491525424,57.972049689441
116,34.0636942675159,35.6017699115044,45.3728813559322,59.0900621118012
117,34.9044585987261,36.1769911504425,46.2169491525424,60.1447204968944
118,35.656050955414,36.646017699115,47.0372881355932,61.1925465838509
119,36.4140127388535,37.1769911504425,47.8745762711864,62.2950310559006
120,37.1019108280255,37.7345132743363,48.6677966101695,63.3900621118012
121,37.7770700636943,38.3805309734513,49.4542372881356,64.4869565217391
122,38.4458598726115,39.1150442477876,50.2576271186441,65.6093167701863
123,39.171974522293,39.7787610619469,51.0677966101695,66.7571428571429
124,39.8216560509554,40.353982300885,51.9254237288136,67.9136645962733
125,40.5414012738853,41.1061946902655,52.8033898305085,69.0925465838509
126,41.2802547770701,41.8318584070796,53.6610169491525,70.2795031055901
127,41.9617834394904,42.4601769911504,54.5593220338983,71.4372670807453
128,42.7261146496815,43.1327433628319,55.3796610169492,72.6105590062112
129,43.5222929936306,43.7964601769912,56.2,73.8062111801242
130,44.1847133757962,44.3982300884956,57.0983050847458,75.0142857142857
131,44.9108280254777,45.0973451327434,57.8779661016949,76.232298136646
132,45.656050955414,45.8141592920354,58.8169491525424,77.4291925465838
133,46.6050955414013,46.4247787610619,59.6745762711864,78.6093167701863
134,47.2484076433121,47.0796460176991,60.5118644067797,79.8136645962733
135,47.968152866242,47.7787610619469,61.4610169491525,81.0714285714286
136,48.6815286624204,48.5132743362832,62.4033898305085,82.3490683229814
137,49.4968152866242,49.2035398230089,63.3559322033898,83.6031055900621
138,50.2866242038217,49.8938053097345,64.2813559322034,84.9111801242236
139,51.171974522293,50.6991150442478,65.1661016949153,86.1937888198758
140,51.8535031847134,51.4247787610619,66.1864406779661,87.4571428571429
141,52.7006369426752,52.0796460176991,67.1016949152542,88.7689440993789
142,53.4713375796178,52.8318584070796,67.9830508474576,90.0596273291926
143,54.2547770700637,53.5575221238938,68.9186440677966,91.3770186335404
144,55.0573248407643,54.2654867256637,69.9661016949153,92.7099378881988
145,55.8343949044586,55.0265486725664,70.9661016949153,94.0478260869565
146,56.7515923566879,55.6991150442478,72.0067796610169,95.3726708074534
147,57.6624203821656,56.3805309734513,72.9932203389831,96.7149068322981
148,58.5541401273885,57.1681415929204,73.9796610169492,98.088198757764
149,59.4331210191083,57.8053097345133,75.0440677966102,99.4826086956522
150,60.312101910828,58.4513274336283,76.064406779661,100.900621118012
151,61.1910828025478,59.0796460176991,77.0677966101695,102.380745341615
152,62.1337579617834,60.0442477876106,78.1661016949153,103.775776397516
153,63.031847133758,60.7787610619469,79.2169491525424,105.219875776398
154,63.9171974522293,61.5398230088496,80.2745762711864,106.634161490683
155,64.8025477707006,62.3451327433628,81.3559322033898,108.104968944099
156,65.6305732484076,63.0884955752212,82.4847457627119,109.542857142857
157,66.6433121019108,63.929203539823,83.5322033898305,111.010559006211
158,67.5541401273885,64.6371681415929,84.6372881355932,112.481366459627
159,68.5222929936306,65.3893805309735,85.6881355932203,113.950310559006
160,69.5095541401274,66.2566371681416,86.793220338983,115.449689440994
161,70.3757961783439,67.0530973451327,87.9084745762712,116.931055900621
162,71.343949044586,67.7787610619469,88.9661016949153,118.41801242236
163,72.3630573248408,68.5486725663717,90.0677966101695,119.937267080745
164,73.3949044585987,69.353982300885,91.206779661017,121.444099378882
165,74.2929936305732,70.0176991150443,92.4135593220339,123.003105590062
166,75.3885350318471,70.8407079646018,93.6372881355932,124.552795031056
167,76.4203821656051,71.6548672566372,94.6915254237288,126.08198757764
168,77.3375796178344,72.3982300884956,95.7898305084746,127.70248447205
169,78.312101910828,73.1858407079646,96.9694915254237,129.296894409938
170,79.2802547770701,74.0796460176991,98.1254237288136,130.903105590062
171,80.140127388535,74.8318584070797,99.3118644067797,132.478260869565
172,81.1528662420382,75.7345132743363,100.661016949153,134.052173913043
173,82.1273885350318,76.5663716814159,101.715254237288,135.726708074534
174,83.2165605095541,77.5132743362832,102.803389830508,137.349068322981
175,84.1847133757962,78.3362831858407,104.084745762712,139.041614906832
176,85.1847133757962,79.2035398230089,105.274576271186,140.69751552795
177,86.2611464968153,79.9823008849557,106.501694915254,142.367080745342
178,87.3057324840764,80.858407079646,107.779661016949,144.060869565217
179,88.2420382165605,81.6814159292035,109.040677966102,145.804968944099
180,89.1974522292994,82.4424778761062,110.281355932203,147.48198757764
181,90.140127388535,83.2389380530973,111.528813559322,149.223602484472
182,91.1019108280255,84.1504424778761,112.810169491525,150.96149068323
183,92.1656050955414,84.9911504424779,114.094915254237,152.693167701863
184,93.1910828025478,85.8761061946903,115.4,154.383229813665
185,94.1210191082803,86.6637168141593,116.528813559322,156.176397515528
186,95.2738853503185,87.5929203539823,117.783050847458,157.891304347826
187,96.3949044585987,88.5221238938053,119.010169491525,159.695652173913
188,97.4394904458599,89.3451327433628,120.349152542373,161.462732919255
189,98.4585987261146,90.3628318584071,121.640677966102,163.289440993789
190,99.5222929936306,91.2300884955752,123.037288135593,165.147204968944
191,100.528662420382,92.0530973451327,124.31186440678,166.875776397516
192,101.515923566879,92.9469026548673,125.616949152542,168.694409937888
193,102.554140127389,93.9115044247788,126.996610169492,170.540372670807
194,103.662420382166,94.7079646017699,128.213559322034,172.399378881988
195,104.636942675159,95.4424778761062,129.416949152542,174.252795031056
196,105.649681528662,96.4247787610619,130.722033898305,176.1
197,106.668789808917,97.3362831858407,132.003389830508,177.952173913043
198,107.783439490446,98.212389380531,133.386440677966,179.895031055901
199,109.006369426752,99.1592920353982,134.718644067797,181.770807453416
200,110.267515923567,100.212389380531,135.95593220339,183.664596273292
201,111.573248407643,101.185840707965,137.332203389831,185.56397515528
202,112.68152866242,102.132743362832,138.691525423729,187.503726708075
203,113.687898089172,103.079646017699,139.962711864407,189.444099378882
204,114.611464968153,104.026548672566,141.376271186441,191.418633540373
205,115.726114649682,104.955752212389,142.759322033898,193.391304347826
206,116.968152866242,106.017699115044,144.050847457627,195.395031055901
207,118.044585987261,107.017699115044,145.461016949153,197.411180124224
208,119.095541401274,107.955752212389,146.823728813559,199.399378881988
209,120.292993630573,108.920353982301,148.11186440678,201.384472049689
210,121.331210191083,109.893805309735,149.518644067797,203.388819875776
211,122.59872611465,110.920353982301,150.908474576271,205.404968944099
212,123.929936305732,111.893805309735,152.294915254237,207.432298136646
213,125.063694267516,112.787610619469,153.830508474576,209.51801242236
214,126.019108280255,113.858407079646,155.271186440678,211.595031055901
215,127.324840764331,114.884955752212,156.6,213.683229813665
216,128.490445859873,115.893805309735,158.003389830508,215.742236024845
217,129.656050955414,117.044247787611,159.515254237288,217.862111801242
218,131.114649681529,118.053097345133,160.894915254237,219.955900621118
219,132.267515923567,119.141592920354,162.274576271186,222.080745341615
220,133.433121019108,120.061946902655,163.735593220339,224.242236024845
221,134.636942675159,121.079646017699,165.108474576271,226.306211180124
222,135.910828025478,122.053097345133,166.545762711864,228.478260869565
223,137.171974522293,123.044247787611,168.006779661017,230.737267080745
224,138.541401273885,124.16814159292,169.484745762712,232.913043478261
225,139.866242038217,125.300884955752,170.989830508475,235.149689440994
226,141.025477707006,126.141592920354,172.379661016949,237.377639751553
227,142.191082802548,127.283185840708,173.813559322034,239.577639751553
228,143.458598726115,128.318584070796,175.322033898305,241.813043478261
229,144.713375796178,129.46017699115,176.816949152542,244.02298136646
230,145.853503184713,130.672566371681,178.267796610169,246.239130434783
231,147.063694267516,131.840707964602,179.650847457627,248.493167701863
232,148.286624203822,132.991150442478,181.24406779661,250.740372670807
233,149.458598726115,134.008849557522,182.867796610169,253.034161490683
234,150.821656050955,135.106194690265,184.423728813559,255.408695652174
235,152.261146496815,136.247787610619,186.023728813559,257.686956521739
236,153.554140127389,137.389380530973,187.535593220339,260.011180124224
237,154.675159235669,138.424778761062,188.952542372881,262.306211180124
238,155.891719745223,139.610619469027,190.477966101695,264.64099378882
239,157.127388535032,140.796460176991,192.203389830508,267.000621118012
240,158.375796178344,141.991150442478,193.769491525424,269.393167701863
241,159.694267515924,143.185840707965,195.264406779661,271.758385093168
242,160.987261146497,144.238938053097,196.837288135593,274.178260869565
243,162.165605095541,145.451327433628,198.525423728814,276.562732919255
244,163.503184713376,146.504424778761,200.277966101695,278.95900621118
245,164.853503184713,147.769911504425,201.810169491525,281.38198757764
246,165.968152866242,149.088495575221,203.393220338983,283.803726708075
247,167.248407643312,150.29203539823,204.952542372881,286.208695652174
248,168.426751592357,151.433628318584,206.738983050847,288.665217391304
249,169.566878980892,152.849557522124,208.352542372881,291.098757763975
250,170.815286624204,153.946902654867,209.877966101695,293.572049689441
251,172.063694267516,155.150442477876,211.447457627119,296.034782608696
252,173.222929936306,156.336283185841,213.149152542373,298.574534161491
253,174.414012738854,157.238938053097,214.840677966102,301.145962732919
254,175.675159235669,158.256637168142,216.393220338983,303.655900621118
255,177.012738853503,159.433628318584,218.145762711864,306.233540372671
256,178.363057324841,160.672566371681,219.813559322034,308.784472049689
257,179.611464968153,161.805309734513,221.657627118644,311.35652173913
258,180.917197452229,162.964601769911,223.372881355932,313.904968944099
259,182.343949044586,164.345132743363,225.010169491525,316.448447204969
260,183.649681528662,165.619469026549,226.877966101695,319.011801242236
261,185.044585987261,166.725663716814,228.694915254237,321.644720496894
262,186.31847133758,167.902654867257,230.383050847458,324.237888198758
263,187.605095541401,169.194690265487,232.020338983051,326.894409937888
264,188.898089171975,170.442477876106,233.898305084746,329.544099378882
265,190.299363057325,171.654867256637,235.633898305085,332.167080745342
266,191.764331210191,172.867256637168,237.362711864407,334.862732919255
267,192.980891719745,174.106194690265,239.101694915254,337.5
268,194.267515923567,175.185840707965,240.894915254237,340.154658385093
269,195.611464968153,176.442477876106,242.725423728814,342.927950310559
270,197.089171974522,177.601769911504,244.522033898305,345.647204968944
271,198.305732484076,178.796460176991,246.410169491525,348.313043478261
272,199.757961783439,180.159292035398,248.203389830508,350.988198757764
273,201.216560509554,181.619469026549,250.047457627119,353.706211180124
274,202.522292993631,183,251.884745762712,356.48198757764
275,204.012738853503,184.486725663717,253.803389830508,359.239751552795
276,205.235668789809,185.681415929204,255.650847457627,362.027329192547
277,206.547770700637,187.106194690265,257.491525423729,364.746583850932
278,208,188.327433628319,259.308474576271,367.504968944099
279,209.312101910828,189.575221238938,261.183050847458,370.321739130435
280,210.59872611465,190.849557522124,263.04406779661,373.137267080745
281,212.108280254777,192.026548672566,264.986440677966,375.97701863354
282,213.426751592357,193.256637168142,266.793220338983,378.796894409938
283,214.872611464968,194.530973451327,268.667796610169,381.662111801242
284,216.222929936306,196,270.627118644068,384.501863354037
285,217.796178343949,197.424778761062,272.562711864407,387.291925465839
286,219.203821656051,198.769911504425,274.664406779661,390.139130434783
287,220.675159235669,200.017699115044,276.640677966102,392.991304347826
288,222.178343949045,201.504424778761,278.68813559322,395.863975155279
289,223.726114649682,202.911504424779,280.576271186441,398.793167701863
290,225.127388535032,204.371681415929,282.542372881356,401.725465838509
291,226.726114649682,205.646017699115,284.491525423729,404.591304347826
292,228.082802547771,206.929203539823,286.410169491525,407.627329192547
293,229.535031847134,208.513274336283,288.413559322034,410.448447204969
294,230.898089171975,209.690265486726,290.186440677966,413.41801242236
295,232.471337579618,211.132743362832,292.077966101695,416.35652173913
296,233.987261146497,212.41592920354,294.105084745763,419.278260869565
297,235.496815286624,213.805309734513,296.210169491525,422.198136645963
298,236.949044585987,215.061946902655,298.264406779661,425.132919254658
299,238.458598726115,216.566371681416,300.149152542373,428.167080745342
300,239.942675159236,217.982300884956,302.230508474576,431.206211180124
301,241.490445859873,219.389380530973,304.271186440678,434.196273291925
302,242.929936305732,220.814159292035,306.328813559322,437.186956521739
303,244.426751592357,222.371681415929,308.433898305085,440.218633540373
304,245.885350318471,223.805309734513,310.461016949153,443.211801242236
305,247.235668789809,225.247787610619,312.471186440678,446.296273291925
306,248.898089171975,226.619469026549,314.481355932203,449.346583850932
307,250.458598726115,228.061946902655,316.522033898305,452.423602484472
308,251.993630573248,229.451327433628,318.647457627119,455.437888198758
309,253.337579617834,230.725663716814,320.606779661017,458.52049689441
310,254.764331210191,231.902654867257,322.722033898305,461.566459627329
311,256.305732484076,233.336283185841,324.810169491525,464.619254658385
312,257.834394904459,234.778761061947,326.949152542373,467.649068322981
313,259.305732484076,236.141592920354,329.013559322034,470.781366459627
314,260.955414012739,237.469026548673,331.125423728814,473.919254658385
315,262.617834394904,238.955752212389,333.345762711864,477.05652173913
316,264.165605095541,240.575221238938,335.477966101695,480.165838509317
317,265.738853503185,242.061946902655,337.68813559322,483.275155279503
318,267.242038216561,243.619469026549,339.752542372881,486.470186335404
319,268.770700636943,244.867256637168,341.925423728814,489.619875776398
320,270.235668789809,246.185840707965,344.04406779661,492.771428571429
321,271.783439490446,247.716814159292,346.372881355932,495.933540372671
322,273.140127388535,249.185840707965,348.477966101695,499.16149068323
323,274.668789808917,250.796460176991,350.71186440678,502.342857142857
324,276.31847133758,252.212389380531,353.098305084746,505.549068322981
325,277.885350318471,253.646017699115,355.261016949153,508.806832298137
326,279.566878980892,254.858407079646,357.508474576271,512.046583850932
327,281.133757961783,256.194690265487,359.701694915254,515.191925465838
328,282.687898089172,257.690265486726,361.972881355932,518.435403726708
329,284.331210191083,259.150442477876,364.26779661017,521.678881987578
330,285.955414012739,260.513274336283,366.471186440678,524.885093167702
331,287.700636942675,262.053097345133,368.816949152542,528.166459627329
332,289.254777070064,263.46017699115,371.105084745763,531.413664596273
333,290.974522292994,265.035398230089,373.46779661017,534.698136645963
334,292.605095541401,266.513274336283,375.816949152542,537.935403726708
335,294.03821656051,268.132743362832,378.08813559322,541.252173913044
336,295.789808917197,269.522123893805,380.464406779661,544.601863354037
337,297.286624203822,270.982300884956,382.661016949153,547.939751552795
338,298.96178343949,272.407079646018,384.864406779661,551.342236024845
339,300.617834394904,273.769911504425,387.152542372881,554.67701863354
340,302.146496815287,275.380530973451,389.51186440678,558.035403726708
341,303.71974522293,276.902654867257,391.874576271186,561.389440993789
342,305.331210191083,278.442477876106,394.189830508475,564.757763975155
343,307.019108280255,280,396.508474576271,568.093788819876
344,308.815286624204,281.769911504425,398.64406779661,571.460869565217
345,310.445859872611,283.212389380531,401.071186440678,574.835403726708
346,311.987261146497,284.619469026549,403.494915254237,578.198757763975
347,313.71974522293,286.106194690266,405.840677966102,581.569565217391
348,315.426751592357,287.654867256637,408.094915254237,584.982608695652
349,316.910828025478,289.230088495575,410.450847457627,588.424223602485
350,318.458598726115,290.70796460177,412.762711864407,591.868322981366
351,320.089171974522,292.194690265487,415.054237288136,595.327329192547
352,321.605095541401,293.610619469027,417.416949152542,598.809316770186
353,323.356687898089,295.283185840708,419.847457627119,602.273291925466
354,325.031847133758,296.893805309734,421.966101694915,605.795652173913
355,326.668789808917,298.53982300885,424.274576271186,609.316770186335
356,328.337579617834,300.185840707965,426.776271186441,612.885714285714
357,330.031847133758,301.654867256637,429.101694915254,616.448447204969
358,331.624203821656,303.061946902655,431.450847457627,619.857142857143
359,333.273885350318,304.610619469027,433.925423728814,623.416770186335
360,334.796178343949,305.911504424779,436.325423728814,626.945962732919
361,336.554140127389,307.548672566372,438.725423728814,630.537888198758
362,338.127388535032,309.132743362832,441.26779661017,634.234161490683
363,339.694267515924,310.690265486726,443.579661016949,637.821118012422
364,341.222929936306,312.247787610619,446,641.316770186335
365,342.949044585987,313.884955752212,448.484745762712,644.873291925466
366,344.789808917197,315.575221238938,450.833898305085,648.46149068323
367,346.382165605096,317.079646017699,453.271186440678,652.094409937888
368,348.019108280255,318.920353982301,455.583050847458,655.829192546584
369,349.694267515924,320.513274336283,457.915254237288,659.519875776397
370,351.286624203822,322.053097345133,460.305084745763,663.152173913043
371,353.299363057325,323.637168141593,462.725423728814,666.774534161491
372,354.955414012739,325.407079646018,465.196610169492,670.437888198758
373,356.649681528662,327.061946902655,467.684745762712,674.12298136646
374,358.222929936306,328.672566371681,470.094915254237,677.817391304348
375,359.707006369427,330.451327433628,472.481355932203,681.429192546584
376,361.337579617834,331.867256637168,474.796610169492,685.201242236025
377,363.031847133758,333.380530973451,477.254237288136,688.928571428571
378,364.789808917197,335.088495575221,479.708474576271,692.72298136646
379,366.496815286624,336.725663716814,482.216949152542,696.512422360248
380,368.286624203822,338.522123893805,484.657627118644,700.278260869565
381,369.904458598726,340.061946902655,487.220338983051,704.05652173913
382,371.726114649682,341.787610619469,489.738983050847,707.885093167702
383,373.43949044586,343.486725663717,492.284745762712,711.666459627329
384,375.235668789809,345.256637168142,494.749152542373,715.408074534162
385,376.980891719745,346.761061946903,497.179661016949,719.254658385093
386,378.700636942675,348.353982300885,499.71186440678,723.074534161491
387,380.254777070064,350.150442477876,502.281355932203,726.842236024845
388,381.853503184713,351.805309734513,504.772881355932,730.626086956522
389,383.611464968153,353.53982300885,507.227118644068,734.521739130435
390,385.286624203822,355.079646017699,509.674576271186,738.416770186335
391,387.267515923567,356.761061946903,512.301694915254,742.365838509317
392,389.082802547771,358.442477876106,514.972881355932,746.268322981367
393,390.834394904459,359.858407079646,517.637288135593,750.065838509317
394,392.503184713376,361.761061946903,520.257627118644,754.105590062112
395,394.31847133758,363.371681415929,522.820338983051,757.968322981366
396,396.057324840764,365.088495575221,525.233898305085,761.878881987578
397,397.891719745223,366.619469026549,527.993220338983,765.789440993789
398,399.783439490446,368.407079646018,530.589830508475,769.769565217391
399,401.585987261146,369.955752212389,533.223728813559,773.735403726708
400,403.522292993631,371.46017699115,535.833898305085,777.66149068323
401,405.216560509554,373.230088495575,538.576271186441,781.629192546584
402,407.031847133758,374.734513274336,541.227118644068,785.542236024845
403,408.885350318471,376.398230088496,543.827118644068,789.437888198758
404,410.847133757962,378.044247787611,546.491525423729,793.489440993789
405,412.496815286624,379.477876106195,549.149152542373,797.46149068323
406,414.375796178344,381.053097345133,551.630508474576,801.427329192547
407,416.076433121019,382.849557522124,554.203389830509,805.511801242236
408,417.783439490446,384.690265486726,556.983050847458,809.573291925466
409,419.745222929936,386.530973451327,559.630508474576,813.611801242236
410,421.611464968153,388.088495575221,562.345762711864,817.665217391304
411,423.426751592357,389.690265486726,564.996610169492,821.775776397516
412,425.191082802548,391.327433628319,567.793220338983,825.851552795031
413,427.15923566879,392.964601769911,570.535593220339,829.977639751553
414,428.853503184713,394.610619469027,573.230508474576,834.003726708075
415,430.643312101911,396.221238938053,576.061016949153,838.159627329193
416,432.528662420382,397.929203539823,578.810169491525,842.303726708075
417,434.222929936306,399.513274336283,581.28813559322,846.401242236025
418,436.076433121019,401.238938053097,584.101694915254,850.507453416149
419,437.84076433121,402.884955752212,586.823728813559,854.6
420,439.707006369427,404.557522123894,589.389830508475,858.751552795031
421,441.496815286624,406.150442477876,592.179661016949,862.926086956522
422,443.229299363057,408.017699115044,595.006779661017,867.050310559006
423,445.063694267516,409.504424778761,597.922033898305,871.213664596273
424,446.910828025478,411.106194690266,600.637288135593,875.362111801242
425,448.821656050955,412.646017699115,603.44406779661,879.522360248447
426,450.834394904459,414.274336283186,606.037288135593,883.774534161491
427,452.732484076433,416.12389380531,608.820338983051,888.001242236025
428,454.624203821656,418,611.603389830508,892.254037267081
429,456.286624203822,419.690265486726,614.454237288136,896.480124223603
430,458.114649681529,421.256637168142,617.189830508475,900.62049689441
431,459.968152866242,423.088495575221,619.928813559322,904.882608695652
432,461.566878980892,424.840707964602,622.654237288136,909.141614906832
433,463.248407643312,426.486725663717,625.406779661017,913.487577639752
434,465.127388535032,428.12389380531,628.149152542373,917.711801242236
435,466.942675159236,429.858407079646,630.898305084746,922.006832298137
436,468.783439490446,431.619469026549,633.661016949153,926.248447204969
437,470.770700636943,433.398230088496,636.393220338983,930.566459627329
438,472.726114649682,435.12389380531,639.186440677966,934.873913043478
439,474.585987261146,436.743362831858,642.064406779661,939.154037267081
440,476.643312101911,438.371681415929,644.922033898305,943.401863354037
441,478.407643312102,440.097345132743,647.701694915254,947.757763975155
442,480.254777070064,441.566371681416,650.416949152542,952.072670807453
443,481.993630573248,443.495575221239,653.294915254237,956.424223602485
444,483.821656050955,445.141592920354,656.08813559322,960.771428571429
445,485.617834394904,446.946902654867,658.881355932203,965.130434782609
446,487.490445859873,448.734513274336,661.813559322034,969.512422360248
447,489.369426751592,450.256637168142,664.559322033898,973.912422360248
448,491.197452229299,452.194690265487,667.389830508475,978.293788819876
449,492.980891719745,453.787610619469,670.223728813559,982.721118012422
450,494.87898089172,455.548672566372,672.945762711864,987.162732919255
451,496.668789808917,457.371681415929,675.772881355932,991.480745341615
452,498.433121019108,459.079646017699,678.766101694915,995.871428571429
453,500.267515923567,460.814159292035,681.8,1000.29068322981
454,502.108280254777,462.398230088496,684.538983050847,1004.69937888199
455,504.082802547771,464.141592920354,687.454237288136,1009.15279503106
456,506,465.734513274336,690.457627118644,1013.57267080745
457,508.03821656051,467.699115044248,693.274576271186,1018.02049689441
458,509.859872611465,469.433628318584,696.332203389831,1022.53788819876
459,511.662420382166,471.247787610619,699.2,1026.94596273292
460,513.611464968153,473.017699115044,702.010169491525,1031.34720496894
461,515.369426751592,475,704.833898305085,1035.81118012422
462,517.248407643312,476.761061946903,707.542372881356,1040.36645962733
463,519.070063694268,478.513274336283,710.467796610169,1044.84161490683
464,521.031847133758,480.353982300885,713.471186440678,1049.25465838509
465,523.050955414013,482.256637168142,716.349152542373,1053.77950310559
466,524.949044585987,484.026548672566,719.196610169492,1058.38136645963
467,526.713375796178,485.725663716814,722.081355932203,1062.95838509317
468,528.656050955414,487.743362831858,725.074576271186,1067.46149068323
469,530.757961783439,489.601769911504,728.027118644068,1072.04534161491
470,532.68152866242,491.41592920354,730.776271186441,1076.63416149068
471,534.566878980892,493.044247787611,733.606779661017,1081.16459627329
472,536.458598726115,494.53982300885,736.464406779661,1085.73602484472
473,538.445859872611,496.41592920354,739.349152542373,1090.24285714286
474,540.369426751592,498.380530973451,742.183050847458,1094.80124223602
475,542.28025477707,500.203539823009,745.020338983051,1099.48074534161
476,544.242038216561,501.964601769911,747.95593220339,1104.14161490683
477,546.165605095541,503.805309734513,750.783050847458,1108.84720496894
478,548.044585987261,505.575221238938,753.772881355932,1113.42298136646
479,549.828025477707,507.300884955752,756.671186440678,1118.15590062112
480,551.764331210191,509.185840707965,759.677966101695,1122.78695652174
481,553.675159235669,510.938053097345,762.64406779661,1127.43416149068
482,555.764331210191,512.725663716814,765.413559322034,1132.11739130435
483,557.592356687898,514.318584070796,768.433898305085,1136.78819875776
484,559.59872611465,516.150442477876,771.298305084746,1141.38260869565
485,561.547770700637,518.079646017699,774.054237288136,1146.07950310559
486,563.305732484076,520.212389380531,777.152542372881,1150.84968944099
487,565.369426751592,521.787610619469,779.95593220339,1155.65838509317
488,567.070063694268,523.575221238938,782.84406779661,1160.38819875776
489,569.050955414013,525.486725663717,785.84406779661,1165.03726708075
490,571.057324840764,527.150442477876,788.884745762712,1169.74596273292
491,572.949044585987,528.964601769911,791.630508474576,1174.56583850932
492,574.904458598726,530.805309734513,794.579661016949,1179.35341614907
493,577.044585987261,532.548672566372,797.55593220339,1184.16211180124
494,579.114649681529,534.309734513274,800.545762711864,1188.91677018634
495,581.178343949045,536.097345132743,803.6,1193.79751552795
496,583.044585987261,537.858407079646,806.389830508475,1198.54596273292
497,584.980891719745,540.044247787611,809.396610169492,1203.30745341615
498,586.891719745223,541.902654867257,812.271186440678,1208.14658385093
499,588.891719745223,543.575221238938,815.216949152542,1212.90683229814
500,590.828025477707,545.663716814159,818.108474576271,1217.71925465839
